date,equity
2016-01-12 01:30:00,2398320.0
2016-01-13 01:30:00,2596451.2458522893
2016-01-14 01:30:00,2796211.2458522893
2016-01-15 01:30:00,2796211.2458522893
2016-01-18 01:30:00,2796211.2458522893
2016-01-19 01:30:00,2599526.2578476323
2016-01-20 01:30:00,2799286.2578476323
2016-01-21 01:30:00,2999046.2578476323
2016-01-22 01:30:00,2808104.5123430546
2016-01-25 01:30:00,2808104.5123430546
2016-01-26 01:30:00,3207624.5123430546
2016-01-27 01:30:00,3214292.9893412725
2016-01-28 01:30:00,3021504.342065461
2016-01-29 01:30:00,3021504.342065461
2016-02-01 01:30:00,2045518.0386899118
2016-02-02 01:30:00,2038262.2748254552
2016-02-03 01:30:00,1834119.7664053885
2016-02-04 01:30:00,1834119.7664053885
2016-02-05 01:30:00,1834119.7664053885
2016-02-15 01:30:00,1246196.1375595462
2016-02-16 01:30:00,1246196.1375595462
2016-02-17 01:30:00,1246196.1375595462
2016-02-18 01:30:00,1246196.1375595462
2016-02-19 01:30:00,1246196.1375595462
2016-02-22 01:30:00,1043874.9088067199
2016-02-23 01:30:00,1043874.9088067199
2016-02-24 01:30:00,1243634.9088067198
2016-02-25 01:30:00,1243634.9088067198
2016-02-26 01:30:00,1243634.9088067198
2016-02-29 01:30:00,1452674.7853233821
2016-03-01 01:30:00,1852194.7853233821
2016-03-02 01:30:00,2051954.7853233821
2016-03-03 01:30:00,2251714.7853233824
2016-03-04 01:30:00,2251714.7853233824
2016-03-07 01:30:00,2043131.405492716
2016-03-08 01:30:00,2242891.405492716
2016-03-09 01:30:00,2442651.405492716
2016-03-10 01:30:00,2442651.405492716
2016-03-11 01:30:00,2442651.405492716
2016-03-14 01:30:00,2442651.405492716
2016-03-15 01:30:00,2451017.300661028
2016-03-16 01:30:00,2246861.9191711084
2016-03-17 01:30:00,2446621.9191711084
2016-03-18 01:30:00,2446621.9191711084
2016-03-21 01:30:00,2251853.645508253
2016-03-22 01:30:00,2251853.645508253
2016-03-23 01:30:00,2053590.2240633932
2016-03-24 01:30:00,2253350.224063393
2016-03-25 01:30:00,2253350.224063393
2016-03-28 01:30:00,2063875.8450680063
2016-03-29 01:30:00,2063875.8450680063
2016-03-30 01:30:00,2063875.8450680063
2016-03-31 01:30:00,1867951.2098602022
2016-04-01 01:30:00,2067711.2098602022
2016-04-05 01:30:00,1872161.823369813
2016-04-06 01:30:00,1672494.437938175
2016-04-07 01:30:00,1672494.437938175
2016-04-08 01:30:00,1872254.437938175
2016-04-11 01:30:00,2072014.437938175
2016-04-12 01:30:00,1863330.7844952631
2016-04-13 01:30:00,2063090.7844952631
2016-04-14 01:30:00,2262850.7844952634
2016-04-15 01:30:00,2462610.7844952634
2016-04-18 01:30:00,2669286.433613208
2016-04-19 01:30:00,2869046.433613208
2016-04-20 01:30:00,2667544.1038872534
2016-04-21 01:30:00,3064429.2558887843
2016-04-22 01:30:00,3264189.2558887843
2016-04-25 01:30:00,3462824.934907851
2016-04-26 01:30:00,3469415.27991078
2016-04-27 01:30:00,3469415.27991078
2016-04-28 01:30:00,3474930.260047459
2016-04-29 01:30:00,3279556.680701023
2016-05-03 01:30:00,3072000.801217187
2016-05-04 01:30:00,3266448.71146697
2016-05-05 01:30:00,3466208.71146697
2016-05-06 01:30:00,3482568.857644523
2016-05-09 01:30:00,3082838.6333869835
2016-05-10 01:30:00,3485497.9979123296
2016-05-11 01:30:00,3480686.5185190127
2016-05-12 01:30:00,4079966.5185190127
2016-05-13 01:30:00,4079966.5185190127
2016-05-16 01:30:00,4273436.008415746
2016-05-17 01:30:00,4473196.008415746
2016-05-18 01:30:00,4473196.008415746
2016-05-19 01:30:00,4473196.008415746
2016-05-20 01:30:00,4473196.008415746
2016-05-23 01:30:00,4475170.7459432725
2016-05-24 01:30:00,4270202.757895285
2016-05-25 01:30:00,4063207.140773815
2016-05-26 01:30:00,4063207.140773815
2016-05-27 01:30:00,4063207.140773815
2016-05-30 01:30:00,3243230.5882669273
2016-05-31 01:30:00,3243230.5882669273
2016-06-01 01:30:00,2848436.1841363627
2016-06-02 01:30:00,3048196.1841363627
2016-06-03 01:30:00,2853996.828203012
2016-06-06 01:30:00,2458956.9796206066
2016-06-07 01:30:00,2458956.9796206066
2016-06-08 01:30:00,2658716.9796206066
2016-06-13 01:30:00,3457756.9796206066
2016-06-14 01:30:00,3457756.9796206066
2016-06-15 01:30:00,3457756.9796206066
2016-06-16 01:30:00,3251129.446912445
2016-06-17 01:30:00,3450889.446912445
2016-06-20 01:30:00,4050169.446912445
2016-06-21 01:30:00,4249929.446912445
2016-06-22 01:30:00,3855528.3642693944
2016-06-23 01:30:00,3855528.3642693944
2016-06-24 01:30:00,3849803.0148572186
2016-06-27 01:30:00,4049563.0148572186
2016-06-28 01:30:00,3852442.011191115
2016-06-29 01:30:00,3852442.011191115
2016-06-30 01:30:00,3852442.011191115
2016-07-01 01:30:00,4052202.011191115
2016-07-04 01:30:00,3459958.6171372086
2016-07-05 01:30:00,3859478.6171372086
2016-07-06 01:30:00,3859478.6171372086
2016-07-07 01:30:00,4059238.6171372086
2016-07-08 01:30:00,4258998.617137209
2016-07-11 01:30:00,4256862.632872125
2016-07-12 01:30:00,4254421.21837221
2016-07-13 01:30:00,4636234.358824421
2016-07-14 01:30:00,5038240.637072884
2016-07-15 01:30:00,5038240.637072884
2016-07-18 01:30:00,5238000.637072884
2016-07-19 01:30:00,5238000.637072884
2016-07-20 01:30:00,5249957.707371986
2016-07-21 01:30:00,5242759.832665789
2016-07-22 01:30:00,5642279.832665789
2016-07-25 01:30:00,5663296.730119245
2016-07-26 01:30:00,5863056.730119245
2016-07-27 01:30:00,6071838.468842657
2016-07-28 01:30:00,6067981.238843623
2016-07-29 01:30:00,6273719.242957168
2016-08-01 01:30:00,6078134.3939760085
2016-08-02 01:30:00,5884252.8669327255
2016-08-03 01:30:00,5680614.510899344
2016-08-04 01:30:00,5683486.970002582
2016-08-05 01:30:00,5883246.970002582
2016-08-08 01:30:00,6075862.893157786
2016-08-09 01:30:00,6475382.893157786
2016-08-10 01:30:00,6475382.893157786
2016-08-11 01:30:00,6476293.147100925
2016-08-12 01:30:00,6476293.147100925
2016-08-15 01:30:00,6287392.489479218
2016-08-16 01:30:00,6487152.489479218
2016-08-17 01:30:00,6686912.489479218
2016-08-18 01:30:00,6082544.202988721
2016-08-19 01:30:00,6482064.202988721
2016-08-22 01:30:00,6068469.686212837
2016-08-23 01:30:00,6667749.686212837
2016-08-24 01:30:00,6253871.0698916465
2016-08-25 01:30:00,6855344.030185616
2016-08-26 01:30:00,6855344.030185616
2016-08-29 01:30:00,6858666.880369776
2016-08-30 01:30:00,6858666.880369776
2016-08-31 01:30:00,6660578.548641768
2016-09-01 01:30:00,6660578.548641768
2016-09-02 01:30:00,6462679.051639526
2016-09-05 01:30:00,6461458.862372143
2016-09-06 01:30:00,7060738.862372143
2016-09-07 01:30:00,6854312.364235024
2016-09-08 01:30:00,7253832.364235024
2016-09-09 01:30:00,7265630.07949669
2016-09-12 01:30:00,7460154.355722663
2016-09-13 01:30:00,7654892.755964493
2016-09-14 01:30:00,7451156.836887681
2016-09-19 01:30:00,7650916.836887681
2016-09-20 01:30:00,7650916.836887681
2016-09-21 01:30:00,7650916.836887681
2016-09-22 01:30:00,7650916.836887681
2016-09-23 01:30:00,7850676.836887681
2016-09-26 01:30:00,7239162.575568851
2016-09-27 01:30:00,7438922.575568851
2016-09-28 01:30:00,7438922.575568851
2016-09-29 01:30:00,7438922.575568851
2016-09-30 01:30:00,7438922.575568851
2016-10-10 01:30:00,6440331.151723426
2016-10-11 01:30:00,6440331.151723426
2016-10-12 01:30:00,6440331.151723426
2016-10-13 01:30:00,6440331.151723426
2016-10-14 01:30:00,6440331.151723426
2016-10-17 01:30:00,6640091.151723426
2016-10-18 01:30:00,6640091.151723426
2016-10-19 01:30:00,6640091.151723426
2016-10-20 01:30:00,6640091.151723426
2016-10-21 01:30:00,7036747.557886479
2016-10-24 01:30:00,7033688.533080961
2016-10-25 01:30:00,7233448.533080961
2016-10-26 01:30:00,7233448.533080961
2016-10-27 01:30:00,7233448.533080961
2016-10-28 01:30:00,7233448.533080961
2016-10-31 01:30:00,7233448.533080961
2016-11-01 01:30:00,7233448.533080961
2016-11-02 01:30:00,7233448.533080961
2016-11-03 01:30:00,7433208.533080961
2016-11-04 01:30:00,7433208.533080961
2016-11-07 01:30:00,7433208.533080961
2016-11-08 01:30:00,7433208.533080961
2016-11-09 01:30:00,7632968.533080961
2016-11-10 01:30:00,7430471.920271207
2016-11-11 01:30:00,7829991.920271207
2016-11-14 01:30:00,7625595.963389149
2016-11-15 01:30:00,7629770.630668915
2016-11-16 01:30:00,7829530.630668915
2016-11-17 01:30:00,8029290.630668915
2016-11-18 01:30:00,8029290.630668915
2016-11-21 01:30:00,7635739.366262562
2016-11-22 01:30:00,7835499.366262562
2016-11-23 01:30:00,7630968.8508253
2016-11-24 01:30:00,8030488.8508253
2016-11-25 01:30:00,8230248.8508253
2016-11-28 01:30:00,8032477.567082384
2016-11-29 01:30:00,8232237.567082384
2016-11-30 01:30:00,8232237.567082384
2016-12-01 01:30:00,8032695.330958353
2016-12-02 01:30:00,7635550.513138924
2016-12-05 01:30:00,7839692.680689108
2016-12-06 01:30:00,7839692.680689108
2016-12-07 01:30:00,7834357.233547771
2016-12-08 01:30:00,8034117.233547771
2016-12-09 01:30:00,8034117.233547771
2016-12-12 01:30:00,8433637.233547771
2016-12-13 01:30:00,8236000.887409713
2016-12-14 01:30:00,8240712.130603738
2016-12-15 01:30:00,8045899.846967705
2016-12-16 01:30:00,8045899.846967705
2016-12-19 01:30:00,7643942.025489986
2016-12-20 01:30:00,7843702.025489986
2016-12-21 01:30:00,7843702.025489986
2016-12-22 01:30:00,7843702.025489986
2016-12-23 01:30:00,7646866.9058462065
2016-12-26 01:30:00,7645576.164769992
2016-12-27 01:30:00,7645576.164769992
2016-12-28 01:30:00,7645576.164769992
2016-12-29 01:30:00,7447219.478452317
2016-12-30 01:30:00,7447219.478452317
2017-01-03 01:30:00,7447219.478452317
2017-01-04 01:30:00,7447219.478452317
2017-01-05 01:30:00,7050806.233811967
2017-01-06 01:30:00,7241174.851585688
2017-01-09 01:30:00,7233167.069973772
2017-01-10 01:30:00,7232597.574776869
2017-01-11 01:30:00,7432357.574776869
2017-01-12 01:30:00,7432357.574776869
2017-01-13 01:30:00,7242626.024003976
2017-01-16 01:30:00,7841906.024003976
2017-01-17 01:30:00,7645890.360029738
2017-01-18 01:30:00,7645890.360029738
2017-01-19 01:30:00,7845650.360029738
2017-01-20 01:30:00,7845650.360029738
2017-01-23 01:30:00,7845650.360029738
2017-01-24 01:30:00,7845650.360029738
2017-01-25 01:30:00,7845650.360029738
2017-01-26 01:30:00,7655140.780122401
2017-02-03 01:30:00,7244980.080419397
2017-02-06 01:30:00,6849953.373505645
2017-02-07 01:30:00,7249473.373505645
2017-02-08 01:30:00,7047711.550071912
2017-02-09 01:30:00,7047711.550071912
2017-02-10 01:30:00,7047711.550071912
2017-02-13 01:30:00,7846751.550071912
2017-02-14 01:30:00,8046511.550071912
2017-02-15 01:30:00,8246271.550071912
2017-02-16 01:30:00,8446031.550071912
2017-02-17 01:30:00,8246641.634771924
2017-02-20 01:30:00,8044955.691688759
2017-02-21 01:30:00,8244715.691688759
2017-02-22 01:30:00,8244715.691688759
2017-02-23 01:30:00,8244715.691688759
2017-02-24 01:30:00,8244715.691688759
2017-02-27 01:30:00,8244715.691688759
2017-02-28 01:30:00,8049287.578583381
2017-03-01 01:30:00,8049287.578583381
2017-03-02 01:30:00,8049287.578583381
2017-03-03 01:30:00,7850104.709722786
2017-03-06 01:30:00,7650910.815736094
2017-03-07 01:30:00,7449689.651009956
2017-03-08 01:30:00,7246911.044358961
2017-03-09 01:30:00,7246911.044358961
2017-03-10 01:30:00,7246911.044358961
2017-03-13 01:30:00,7246911.044358961
2017-03-14 01:30:00,7446671.044358961
2017-03-15 01:30:00,7446671.044358961
2017-03-16 01:30:00,7248098.015520014
2017-03-17 01:30:00,7248098.015520014
2017-03-20 01:30:00,7248098.015520014
2017-03-21 01:30:00,7248098.015520014
2017-03-22 01:30:00,7248098.015520014
2017-03-23 01:30:00,7248098.015520014
2017-03-24 01:30:00,7447858.015520014
2017-03-27 01:30:00,7647618.015520014
2017-03-28 01:30:00,7847378.015520014
2017-03-29 01:30:00,7641289.404299244
2017-03-30 01:30:00,8040809.404299244
2017-03-31 01:30:00,8040809.404299244
2017-04-05 01:30:00,8038877.239185528
2017-04-06 01:30:00,8238637.239185528
2017-04-07 01:30:00,8236871.976813636
2017-04-10 01:30:00,7846944.943573787
2017-04-11 01:30:00,8246464.943573787
2017-04-12 01:30:00,8446224.943573788
2017-04-13 01:30:00,8446224.943573788
2017-04-14 01:30:00,8645984.943573788
2017-04-17 01:30:00,9045504.943573788
2017-04-18 01:30:00,9045504.943573788
2017-04-19 01:30:00,9245264.943573788
2017-04-20 01:30:00,8847851.826175237
2017-04-21 01:30:00,9047611.826175237
2017-04-24 01:30:00,8650688.099340271
2017-04-25 01:30:00,8850448.099340271
2017-04-26 01:30:00,8648989.632470496
2017-04-27 01:30:00,8646772.419689283
2017-04-28 01:30:00,8646772.419689283
2017-05-02 01:30:00,8441477.233632186
2017-05-03 01:30:00,8441477.233632186
2017-05-04 01:30:00,8441477.233632186
2017-05-05 01:30:00,8441477.233632186
2017-05-08 01:30:00,8840997.233632186
2017-05-09 01:30:00,9045211.511148028
2017-05-10 01:30:00,9044002.027806453
2017-05-11 01:30:00,9243762.027806453
2017-05-12 01:30:00,9243762.027806453
2017-05-15 01:30:00,9243762.027806453
2017-05-16 01:30:00,9243762.027806453
2017-05-17 01:30:00,9243762.027806453
2017-05-18 01:30:00,9243762.027806453
2017-05-19 01:30:00,9243762.027806453
2017-05-22 01:30:00,9243762.027806453
2017-05-23 01:30:00,9038424.975699995
2017-05-24 01:30:00,9238184.975699995
2017-05-25 01:30:00,9036735.38833403
2017-05-26 01:30:00,9036735.38833403
2017-05-31 01:30:00,8836718.555356082
2017-06-01 01:30:00,9036478.555356082
2017-06-02 01:30:00,9036478.555356082
2017-06-05 01:30:00,9036478.555356082
2017-06-06 01:30:00,9036478.555356082
2017-06-07 01:30:00,9036478.555356082
2017-06-08 01:30:00,8474324.68635147
2017-06-09 01:30:00,8674084.68635147
2017-06-12 01:30:00,8674084.68635147
2017-06-13 01:30:00,8474137.699647583
2017-06-14 01:30:00,8474137.699647583
2017-06-15 01:30:00,8474137.699647583
2017-06-16 01:30:00,8474137.699647583
2017-06-19 01:30:00,8474137.699647583
2017-06-20 01:30:00,8474137.699647583
2017-06-21 01:30:00,8474137.699647583
2017-06-22 01:30:00,8474137.699647583
2017-06-23 01:30:00,8474137.699647583
2017-06-26 01:30:00,8673897.699647583
2017-06-27 01:30:00,8673897.699647583
2017-06-28 01:30:00,8673897.699647583
2017-06-29 01:30:00,8464826.269651642
2017-06-30 01:30:00,8464826.269651642
2017-07-03 01:30:00,8464826.269651642
2017-07-04 01:30:00,8464826.269651642
2017-07-05 01:30:00,8464826.269651642
2017-07-06 01:30:00,8464826.269651642
2017-07-07 01:30:00,8464826.269651642
2017-07-10 01:30:00,8664586.269651642
2017-07-11 01:30:00,8664586.269651642
2017-07-12 01:30:00,8664586.269651642
2017-07-13 01:30:00,8664586.269651642
2017-07-14 01:30:00,8864346.269651642
2017-07-17 01:30:00,8665840.160283294
2017-07-18 01:30:00,8865600.160283294
2017-07-19 01:30:00,9065360.160283294
2017-07-20 01:30:00,9065360.160283294
2017-07-21 01:30:00,9065360.160283294
2017-07-24 01:30:00,9065360.160283294
2017-07-25 01:30:00,9065360.160283294
2017-07-26 01:30:00,9065360.160283294
2017-07-27 01:30:00,9065360.160283294
2017-07-28 01:30:00,9065360.160283294
2017-07-31 01:30:00,8858443.448884849
2017-08-01 01:30:00,8858443.448884849
2017-08-02 01:30:00,9058203.448884849
2017-08-03 01:30:00,9257963.448884849
2017-08-04 01:30:00,9257963.448884849
2017-08-07 01:30:00,9257963.448884849
2017-08-08 01:30:00,9056108.254612105
2017-08-09 01:30:00,9255868.254612105
2017-08-10 01:30:00,9255868.254612105
2017-08-11 01:30:00,9255868.254612105
2017-08-14 01:30:00,9255868.254612105
2017-08-15 01:30:00,9255868.254612105
2017-08-16 01:30:00,9255868.254612105
2017-08-17 01:30:00,9255868.254612105
2017-08-18 01:30:00,9255868.254612105
2017-08-21 01:30:00,9255868.254612105
2017-08-22 01:30:00,9255868.254612105
2017-08-23 01:30:00,9255868.254612105
2017-08-24 01:30:00,9255868.254612105
2017-08-25 01:30:00,9255868.254612105
2017-08-28 01:30:00,9255868.254612105
2017-08-29 01:30:00,9052325.299955018
2017-08-30 01:30:00,9052325.299955018
2017-08-31 01:30:00,9052325.299955018
2017-09-01 01:30:00,9052325.299955018
2017-09-04 01:30:00,9052325.299955018
2017-09-05 01:30:00,9052325.299955018
2017-09-06 01:30:00,9052325.299955018
2017-09-07 01:30:00,9052325.299955018
2017-09-08 01:30:00,9052325.299955018
2017-09-11 01:30:00,9052325.299955018
2017-09-12 01:30:00,9052325.299955018
2017-09-13 01:30:00,9052325.299955018
2017-09-14 01:30:00,9052325.299955018
2017-09-15 01:30:00,9052325.299955018
2017-09-18 01:30:00,9052325.299955018
2017-09-19 01:30:00,9052325.299955018
2017-09-20 01:30:00,9052325.299955018
2017-09-21 01:30:00,9052325.299955018
2017-09-22 01:30:00,9052325.299955018
2017-09-25 01:30:00,9052325.299955018
2017-09-26 01:30:00,9052325.299955018
2017-09-27 01:30:00,9052325.299955018
2017-09-28 01:30:00,9052325.299955018
2017-09-29 01:30:00,9252085.299955018
2017-10-09 01:30:00,9451845.299955018
2017-10-10 01:30:00,9451845.299955018
2017-10-11 01:30:00,9451845.299955018
2017-10-12 01:30:00,9451845.299955018
2017-10-13 01:30:00,9451845.299955018
2017-10-16 01:30:00,9451845.299955018
2017-10-17 01:30:00,9451845.299955018
2017-10-18 01:30:00,9451845.299955018
2017-10-19 01:30:00,9255624.402800221
2017-10-20 01:30:00,9255624.402800221
2017-10-23 01:30:00,9255624.402800221
2017-10-24 01:30:00,9255624.402800221
2017-10-25 01:30:00,9255624.402800221
2017-10-26 01:30:00,9255624.402800221
2017-10-27 01:30:00,9455384.402800221
2017-10-30 01:30:00,9251226.11917722
2017-10-31 01:30:00,9251226.11917722
2017-11-01 01:30:00,9251226.11917722
2017-11-02 01:30:00,8614712.731993893
2017-11-03 01:30:00,8614712.731993893
2017-11-06 01:30:00,8614712.731993893
2017-11-07 01:30:00,8614712.731993893
2017-11-08 01:30:00,8814472.731993893
2017-11-09 01:30:00,8814472.731993893
2017-11-10 01:30:00,8814472.731993893
2017-11-13 01:30:00,8814472.731993893
2017-11-14 01:30:00,9014232.731993893
2017-11-15 01:30:00,9213992.731993893
2017-11-16 01:30:00,9213992.731993893
2017-11-17 01:30:00,9213992.731993893
2017-11-20 01:30:00,9413752.731993893
2017-11-21 01:30:00,9413752.731993893
2017-11-22 01:30:00,9209303.616529087
2017-11-23 01:30:00,9409063.616529087
2017-11-24 01:30:00,9409063.616529087
2017-11-27 01:30:00,9409063.616529087
2017-11-28 01:30:00,9409063.616529087
2017-11-29 01:30:00,9409063.616529087
2017-11-30 01:30:00,9421675.263050817
2017-12-01 01:30:00,9421675.263050817
2017-12-04 01:30:00,9421675.263050817
2017-12-05 01:30:00,9421675.263050817
2017-12-06 01:30:00,9421675.263050817
2017-12-07 01:30:00,9421675.263050817
2017-12-08 01:30:00,9421675.263050817
2017-12-11 01:30:00,9213999.077368429
2017-12-12 01:30:00,9413759.077368429
2017-12-13 01:30:00,9413759.077368429
2017-12-14 01:30:00,9413759.077368429
2017-12-15 01:30:00,9413759.077368429
2017-12-18 01:30:00,9413759.077368429
2017-12-19 01:30:00,9413759.077368429
2017-12-20 01:30:00,9212402.93312844
2017-12-21 01:30:00,9611922.93312844
2017-12-22 01:30:00,9611922.93312844
2017-12-25 01:30:00,9611922.93312844
2017-12-26 01:30:00,9611922.93312844
2017-12-27 01:30:00,9611922.93312844
2017-12-28 01:30:00,9611922.93312844
2017-12-29 01:30:00,9611922.93312844
2018-01-02 01:30:00,9611922.93312844
2018-01-03 01:30:00,9611922.93312844
2018-01-04 01:30:00,9611922.93312844
2018-01-05 01:30:00,9611922.93312844
2018-01-08 01:30:00,9611922.93312844
2018-01-09 01:30:00,9611922.93312844
2018-01-10 01:30:00,9611922.93312844
2018-01-11 01:30:00,9611922.93312844
2018-01-12 01:30:00,9611922.93312844
2018-01-15 01:30:00,9611922.93312844
2018-01-16 01:30:00,9611922.93312844
2018-01-17 01:30:00,9611922.93312844
2018-01-18 01:30:00,9611922.93312844
2018-01-19 01:30:00,9611922.93312844
2018-01-22 01:30:00,9611922.93312844
2018-01-23 01:30:00,9611922.93312844
2018-01-24 01:30:00,9811682.93312844
2018-01-25 01:30:00,9811682.93312844
2018-01-26 01:30:00,9619253.325110229
2018-01-29 01:30:00,9422117.13333597
2018-01-30 01:30:00,9621877.13333597
2018-01-31 01:30:00,9416100.588552961
2018-02-01 01:30:00,9615860.588552961
2018-02-02 01:30:00,9414697.989954587
2018-02-05 01:30:00,9614457.989954587
2018-02-06 01:30:00,9814217.989954587
2018-02-07 01:30:00,9814217.989954587
2018-02-08 01:30:00,9814217.989954587
2018-02-09 01:30:00,9613317.103355382
2018-02-12 01:30:00,9813077.103355382
2018-02-13 01:30:00,9813077.103355382
2018-02-14 01:30:00,9813077.103355382
2018-02-22 01:30:00,9813077.103355382
2018-02-23 01:30:00,9813077.103355382
2018-02-26 01:30:00,9605145.000184415
2018-02-27 01:30:00,9804905.000184415
2018-02-28 01:30:00,9804905.000184415
2018-03-01 01:30:00,9804905.000184415
2018-03-02 01:30:00,10004665.000184415
2018-03-05 01:30:00,10004665.000184415
2018-03-06 01:30:00,10204425.000184415
2018-03-07 01:30:00,10204425.000184415
2018-03-08 01:30:00,10204425.000184415
2018-03-09 01:30:00,10013185.098017178
2018-03-12 01:30:00,10013185.098017178
2018-03-13 01:30:00,10013185.098017178
2018-03-14 01:30:00,10013185.098017178
2018-03-15 01:30:00,10013185.098017178
2018-03-16 01:30:00,10013185.098017178
2018-03-19 01:30:00,10013185.098017178
2018-03-20 01:30:00,10013185.098017178
2018-03-21 01:30:00,10212945.098017178
2018-03-22 01:30:00,10008398.664885119
2018-03-23 01:30:00,9800061.585061084
2018-03-26 01:30:00,10199581.585061084
2018-03-27 01:30:00,10199581.585061084
2018-03-28 01:30:00,10199581.585061084
2018-03-29 01:30:00,10199581.585061084
2018-03-30 01:30:00,10005890.143080765
2018-04-02 01:30:00,10005890.143080765
2018-04-03 01:30:00,10005890.143080765
2018-04-04 01:30:00,10005890.143080765
2018-04-09 01:30:00,10005890.143080765
2018-04-10 01:30:00,10005890.143080765
2018-04-11 01:30:00,10005890.143080765
2018-04-12 01:30:00,10005890.143080765
2018-04-13 01:30:00,10005890.143080765
2018-04-16 01:30:00,10005890.143080765
2018-04-17 01:30:00,10005890.143080765
2018-04-18 01:30:00,10005890.143080765
2018-04-19 01:30:00,10005890.143080765
2018-04-20 01:30:00,10005890.143080765
2018-04-23 01:30:00,10005890.143080765
2018-04-24 01:30:00,10005890.143080765
2018-04-25 01:30:00,10005890.143080765
2018-04-26 01:30:00,10205650.143080765
2018-04-27 01:30:00,10205650.143080765
2018-05-02 01:30:00,10205650.143080765
2018-05-03 01:30:00,10013034.134930905
2018-05-04 01:30:00,10013034.134930905
2018-05-07 01:30:00,10013034.134930905
2018-05-08 01:30:00,10013034.134930905
2018-05-09 01:30:00,10013034.134930905
2018-05-10 01:30:00,10013034.134930905
2018-05-11 01:30:00,10212794.134930905
2018-05-14 01:30:00,10212794.134930905
2018-05-15 01:30:00,10212794.134930905
2018-05-16 01:30:00,10212794.134930905
2018-05-17 01:30:00,10212794.134930905
2018-05-18 01:30:00,10212794.134930905
2018-05-21 01:30:00,10212794.134930905
2018-05-22 01:30:00,10212794.134930905
2018-05-23 01:30:00,10212794.134930905
2018-05-24 01:30:00,10212794.134930905
2018-05-25 01:30:00,10212794.134930905
2018-05-28 01:30:00,10212794.134930905
2018-05-29 01:30:00,10212794.134930905
2018-05-30 01:30:00,10412554.134930905
2018-05-31 01:30:00,10412554.134930905
2018-06-01 01:30:00,10412554.134930905
2018-06-04 01:30:00,10412554.134930905
2018-06-05 01:30:00,10412554.134930905
2018-06-06 01:30:00,10412554.134930905
2018-06-07 01:30:00,10412554.134930905
2018-06-08 01:30:00,10412554.134930905
2018-06-11 01:30:00,10612314.134930905
2018-06-12 01:30:00,10612314.134930905
2018-06-13 01:30:00,10612314.134930905
2018-06-14 01:30:00,10612314.134930905
2018-06-15 01:30:00,10414358.580419905
2018-06-19 01:30:00,10214814.681919612
2018-06-20 01:30:00,10414574.681919612
2018-06-21 01:30:00,10414574.681919612
2018-06-22 01:30:00,10414574.681919612
2018-06-25 01:30:00,10614334.681919612
2018-06-26 01:30:00,10413432.12493775
2018-06-27 01:30:00,10613192.12493775
2018-06-28 01:30:00,10613192.12493775
2018-06-29 01:30:00,10613192.12493775
2018-07-02 01:30:00,10613192.12493775
2018-07-03 01:30:00,10613192.12493775
2018-07-04 01:30:00,10613192.12493775
2018-07-05 01:30:00,11012712.12493775
2018-07-06 01:30:00,11012712.12493775
2018-07-09 01:30:00,11012712.12493775
2018-07-10 01:30:00,10818702.504795874
2018-07-11 01:30:00,10818702.504795874
2018-07-12 01:30:00,10818702.504795874
2018-07-13 01:30:00,10818702.504795874
2018-07-16 01:30:00,10818702.504795874
2018-07-17 01:30:00,10818702.504795874
2018-07-18 01:30:00,10818702.504795874
2018-07-19 01:30:00,10818702.504795874
2018-07-20 01:30:00,10818702.504795874
2018-07-23 01:30:00,10818702.504795874
2018-07-24 01:30:00,10818702.504795874
2018-07-25 01:30:00,10613662.793036873
2018-07-26 01:30:00,10613662.793036873
2018-07-27 01:30:00,10020566.031347135
2018-07-30 01:30:00,10220326.031347135
2018-07-31 01:30:00,10220326.031347135
2018-08-01 01:30:00,10220326.031347135
2018-08-02 01:30:00,10420086.031347135
2018-08-03 01:30:00,10420086.031347135
2018-08-06 01:30:00,10619846.031347135
2018-08-07 01:30:00,10619846.031347135
2018-08-08 01:30:00,10619846.031347135
2018-08-09 01:30:00,10619846.031347135
2018-08-10 01:30:00,10619846.031347135
2018-08-13 01:30:00,10426832.72204511
2018-08-14 01:30:00,10626592.72204511
2018-08-15 01:30:00,10429594.865155868
2018-08-16 01:30:00,10429594.865155868
2018-08-17 01:30:00,10429594.865155868
2018-08-20 01:30:00,10429594.865155868
2018-08-21 01:30:00,10429594.865155868
2018-08-22 01:30:00,10429594.865155868
2018-08-23 01:30:00,10629354.865155868
2018-08-24 01:30:00,10630358.176455747
2018-08-27 01:30:00,10226590.278484054
2018-08-28 01:30:00,10426350.278484054
2018-08-29 01:30:00,10426350.278484054
2018-08-30 01:30:00,10426350.278484054
2018-08-31 01:30:00,10426350.278484054
2018-09-03 01:30:00,10224331.211802216
2018-09-04 01:30:00,10224331.211802216
2018-09-05 01:30:00,10224331.211802216
2018-09-06 01:30:00,10224331.211802216
2018-09-07 01:30:00,10224331.211802216
2018-09-10 01:30:00,10224331.211802216
2018-09-11 01:30:00,10424091.211802216
2018-09-12 01:30:00,10424091.211802216
2018-09-13 01:30:00,10221758.077827234
2018-09-14 01:30:00,10024912.928255536
2018-09-17 01:30:00,9824550.780943293
2018-09-18 01:30:00,9824550.780943293
2018-09-19 01:30:00,9824550.780943293
2018-09-20 01:30:00,9824550.780943293
2018-09-21 01:30:00,10024310.780943293
2018-09-25 01:30:00,10024310.780943293
2018-09-26 01:30:00,10024310.780943293
2018-09-27 01:30:00,10224070.780943293
2018-09-28 01:30:00,10423830.780943293
2018-10-08 01:30:00,10623590.780943293
2018-10-09 01:30:00,10623590.780943293
2018-10-10 01:30:00,10823350.780943293
2018-10-11 01:30:00,10440436.871783346
2018-10-12 01:30:00,11039716.871783346
2018-10-15 01:30:00,10836199.407618834
2018-10-16 01:30:00,11235719.407618834
2018-10-17 01:30:00,10833034.702598715
2018-10-18 01:30:00,11031171.69493497
2018-10-19 01:30:00,11230931.69493497
2018-10-22 01:30:00,11230931.69493497
2018-10-23 01:30:00,11230931.69493497
2018-10-24 01:30:00,11230931.69493497
2018-10-25 01:30:00,11223615.853543032
2018-10-26 01:30:00,11423375.853543032
2018-10-29 01:30:00,11272909.78205042
2018-10-30 01:30:00,11672429.78205042
2018-10-31 01:30:00,11672429.78205042
2018-11-01 01:30:00,11672429.78205042
2018-11-02 01:30:00,11672429.78205042
2018-11-05 01:30:00,11280789.026662199
2018-11-06 01:30:00,11280789.026662199
2018-11-07 01:30:00,11480549.026662199
2018-11-08 01:30:00,11287214.462254655
2018-11-09 01:30:00,11287214.462254655
2018-11-12 01:30:00,11287214.462254655
2018-11-13 01:30:00,11287214.462254655
2018-11-14 01:30:00,11086187.538095798
2018-11-15 01:30:00,10880938.542979676
2018-11-16 01:30:00,11080698.542979676
2018-11-19 01:30:00,10887870.678480832
2018-11-20 01:30:00,11087630.678480832
2018-11-21 01:30:00,11087630.678480832
2018-11-22 01:30:00,11087630.678480832
2018-11-23 01:30:00,11087630.678480832
2018-11-26 01:30:00,10894825.816073786
2018-11-27 01:30:00,10894825.816073786
2018-11-28 01:30:00,10696466.152253766
2018-11-29 01:30:00,10688564.302061642
2018-11-30 01:30:00,10888324.302061642
2018-12-03 01:30:00,10888324.302061642
2018-12-04 01:30:00,10888324.302061642
2018-12-05 01:30:00,11287844.302061642
2018-12-06 01:30:00,11287844.302061642
2018-12-07 01:30:00,11487604.302061642
2018-12-10 01:30:00,11687364.302061642
2018-12-11 01:30:00,11687364.302061642
2018-12-12 01:30:00,11887124.302061642
2018-12-13 01:30:00,11887124.302061642
2018-12-14 01:30:00,11887124.302061642
2018-12-17 01:30:00,12086884.302061642
2018-12-18 01:30:00,12086884.302061642
2018-12-19 01:30:00,11866970.095640317
2018-12-20 01:30:00,11861421.098547716
2018-12-21 01:30:00,12061181.098547716
2018-12-24 01:30:00,12062081.673922582
2018-12-25 01:30:00,12062636.4730017
2018-12-26 01:30:00,12062636.4730017
2018-12-27 01:30:00,11856967.875168322
2018-12-28 01:30:00,12258519.317097291
2019-01-02 01:30:00,12458279.317097291
2019-01-03 01:30:00,12458279.317097291
2019-01-04 01:30:00,12658039.317097291
2019-01-07 01:30:00,12658039.317097291
2019-01-08 01:30:00,12857799.317097291
2019-01-09 01:30:00,13059641.010578763
2019-01-10 01:30:00,12870863.892301198
2019-01-11 01:30:00,12870863.892301198
2019-01-14 01:30:00,12471522.269413674
2019-01-15 01:30:00,12471522.269413674
2019-01-16 01:30:00,12471522.269413674
2019-01-17 01:30:00,12069677.473318271
2019-01-18 01:30:00,12069677.473318271
2019-01-21 01:30:00,12069677.473318271
2019-01-22 01:30:00,12069677.473318271
2019-01-23 01:30:00,11479981.600001233
2019-01-24 01:30:00,11679741.600001233
2019-01-25 01:30:00,11679741.600001233
2019-01-28 01:30:00,12079261.600001233
2019-01-29 01:30:00,12079261.600001233
2019-01-30 01:30:00,12079261.600001233
2019-01-31 01:30:00,12478781.600001233
2019-02-01 01:30:00,12478781.600001233
2019-02-11 01:30:00,12478781.600001233
2019-02-12 01:30:00,12478781.600001233
2019-02-13 01:30:00,12481894.96634774
2019-02-14 01:30:00,12481894.96634774
2019-02-15 01:30:00,12481894.96634774
2019-02-18 01:30:00,12483751.749803137
2019-02-19 01:30:00,12289405.236538239
2019-02-20 01:30:00,11903161.498388492
2019-02-21 01:30:00,11903161.498388492
2019-02-22 01:30:00,11903161.498388492
2019-02-25 01:30:00,12088872.782358874
2019-02-26 01:30:00,13087672.782358874
2019-02-27 01:30:00,13287432.782358874
2019-02-28 01:30:00,13287432.782358874
2019-03-01 01:30:00,13287432.782358874
2019-03-04 01:30:00,13287432.782358874
2019-03-05 01:30:00,13114758.69320456
2019-03-06 01:30:00,13114758.69320456
2019-03-07 01:30:00,13314518.69320456
2019-03-08 01:30:00,13314518.69320456
2019-03-11 01:30:00,13514278.69320456
2019-03-12 01:30:00,13514278.69320456
2019-03-13 01:30:00,13514278.69320456
2019-03-14 01:30:00,13514278.69320456
2019-03-15 01:30:00,13514278.69320456
2019-03-18 01:30:00,13116746.470931308
2019-03-19 01:30:00,12909551.15143388
2019-03-20 01:30:00,13309071.15143388
2019-03-21 01:30:00,13309071.15143388
2019-03-22 01:30:00,13309071.15143388
2019-03-25 01:30:00,13708591.15143388
2019-03-26 01:30:00,13908351.15143388
2019-03-27 01:30:00,14108111.15143388
2019-03-28 01:30:00,14108111.15143388
2019-03-29 01:30:00,14108111.15143388
2019-04-01 01:30:00,14108111.15143388
2019-04-02 01:30:00,14307871.15143388
2019-04-03 01:30:00,14307871.15143388
2019-04-04 01:30:00,14507631.15143388
2019-04-08 01:30:00,14304350.49249242
2019-04-09 01:30:00,14104339.731307026
2019-04-10 01:30:00,14104339.731307026
2019-04-11 01:30:00,14503859.731307026
2019-04-12 01:30:00,14309212.088494733
2019-04-15 01:30:00,13701542.71335183
2019-04-16 01:30:00,13700661.176655026
2019-04-17 01:30:00,13485390.348014235
2019-04-18 01:30:00,13884910.348014235
2019-04-19 01:30:00,13884910.348014235
2019-04-22 01:30:00,13884910.348014235
2019-04-23 01:30:00,13884910.348014235
2019-04-24 01:30:00,13884910.348014235
2019-04-25 01:30:00,13884910.348014235
2019-04-26 01:30:00,13872326.087671574
2019-05-06 01:30:00,14271846.087671574
2019-05-07 01:30:00,14269637.022225097
2019-05-08 01:30:00,14669157.022225097
2019-05-09 01:30:00,15068677.022225097
2019-05-10 01:30:00,15068677.022225097
2019-05-13 01:30:00,15068677.022225097
2019-05-14 01:30:00,15068677.022225097
2019-05-15 01:30:00,15068677.022225097
2019-05-16 01:30:00,14864774.266807452
2019-05-17 01:30:00,14864774.266807452
2019-05-20 01:30:00,14864774.266807452
2019-05-21 01:30:00,14666768.647697672
2019-05-22 01:30:00,14666768.647697672
2019-05-23 01:30:00,14866528.647697672
2019-05-24 01:30:00,14866528.647697672
2019-05-27 01:30:00,14466011.537611298
2019-05-28 01:30:00,14060916.85318676
2019-05-29 01:30:00,13859743.195973948
2019-05-30 01:30:00,13049116.438066453
2019-05-31 01:30:00,13049116.438066453
2019-06-03 01:30:00,13049116.438066453
2019-06-04 01:30:00,13049116.438066453
2019-06-05 01:30:00,13248876.438066453
2019-06-06 01:30:00,13248876.438066453
2019-06-10 01:30:00,13050793.278875595
2019-06-11 01:30:00,13050793.278875595
2019-06-12 01:30:00,13050793.278875595
2019-06-13 01:30:00,13050793.278875595
2019-06-14 01:30:00,13050793.278875595
2019-06-17 01:30:00,13250553.278875595
2019-06-18 01:30:00,13250553.278875595
2019-06-19 01:30:00,13650073.278875595
2019-06-20 01:30:00,13650088.628139785
2019-06-21 01:30:00,13451589.947496831
2019-06-24 01:30:00,13451589.947496831
2019-06-25 01:30:00,13277889.271797216
2019-06-26 01:30:00,13277889.271797216
2019-06-27 01:30:00,13277889.271797216
2019-06-28 01:30:00,12885125.537258942
2019-07-01 01:30:00,12885125.537258942
2019-07-02 01:30:00,12885125.537258942
2019-07-03 01:30:00,12885125.537258942
2019-07-04 01:30:00,12885125.537258942
2019-07-05 01:30:00,13084885.537258942
2019-07-08 01:30:00,12881003.492553972
2019-07-09 01:30:00,12877689.535720004
2019-07-10 01:30:00,12880149.861827299
2019-07-11 01:30:00,13079909.861827299
2019-07-12 01:30:00,13079909.861827299
2019-07-15 01:30:00,13079909.861827299
2019-07-16 01:30:00,13079909.861827299
2019-07-17 01:30:00,13079909.861827299
2019-07-18 01:30:00,13479429.861827299
2019-07-19 01:30:00,13679189.861827299
2019-07-22 01:30:00,13679189.861827299
2019-07-23 01:30:00,13679189.861827299
2019-07-24 01:30:00,13679189.861827299
2019-07-25 01:30:00,13679189.861827299
2019-07-26 01:30:00,14278469.861827299
2019-07-29 01:30:00,14076375.58703121
2019-07-30 01:30:00,14276135.58703121
2019-07-31 01:30:00,14273926.750456743
2019-08-01 01:30:00,14473686.750456743
2019-08-02 01:30:00,14275380.597323623
2019-08-05 01:30:00,14275380.597323623
2019-08-06 01:30:00,14076154.582788777
2019-08-07 01:30:00,14075069.23996389
2019-08-08 01:30:00,14274829.23996389
2019-08-09 01:30:00,14274829.23996389
2019-08-12 01:30:00,14274829.23996389
2019-08-13 01:30:00,14274829.23996389
2019-08-14 01:30:00,14077131.21693661
2019-08-15 01:30:00,13673821.544739258
2019-08-16 01:30:00,13673821.544739258
2019-08-19 01:30:00,13673821.544739258
2019-08-20 01:30:00,13673821.544739258
2019-08-21 01:30:00,13473754.404990572
2019-08-22 01:30:00,13473754.404990572
2019-08-23 01:30:00,13065282.809424099
2019-08-26 01:30:00,13065282.809424099
2019-08-27 01:30:00,13064246.987980548
2019-08-28 01:30:00,13064246.987980548
2019-08-29 01:30:00,13264006.987980548
2019-08-30 01:30:00,13264006.987980548
2019-09-02 01:30:00,12857443.854533121
2019-09-03 01:30:00,13456723.854533121
2019-09-04 01:30:00,13456723.854533121
2019-09-05 01:30:00,13256879.87228129
2019-09-06 01:30:00,13256879.87228129
2019-09-09 01:30:00,13456639.87228129
2019-09-10 01:30:00,13456639.87228129
2019-09-11 01:30:00,13456639.87228129
2019-09-12 01:30:00,13456639.87228129
2019-09-16 01:30:00,13456639.87228129
2019-09-17 01:30:00,13456639.87228129
2019-09-18 01:30:00,13656399.87228129
2019-09-19 01:30:00,13459408.314736083
2019-09-20 01:30:00,13459408.314736083
2019-09-23 01:30:00,13473568.398785338
2019-09-24 01:30:00,13673328.398785338
2019-09-25 01:30:00,13673328.398785338
2019-09-26 01:30:00,13673328.398785338
2019-09-27 01:30:00,13673328.398785338
2019-09-30 01:30:00,13275716.248385254
2019-10-08 01:30:00,13675236.248385254
2019-10-09 01:30:00,13675236.248385254
2019-10-10 01:30:00,13675236.248385254
2019-10-11 01:30:00,13675236.248385254
2019-10-14 01:30:00,13675629.336858217
2019-10-15 01:30:00,13875389.336858217
2019-10-16 01:30:00,14075149.336858217
2019-10-17 01:30:00,14274909.336858217
2019-10-18 01:30:00,14274909.336858217
2019-10-21 01:30:00,14274909.336858217
2019-10-22 01:30:00,14274909.336858217
2019-10-23 01:30:00,14274909.336858217
2019-10-24 01:30:00,14274909.336858217
2019-10-25 01:30:00,14071901.672335267
2019-10-28 01:30:00,14071901.672335267
2019-10-29 01:30:00,14271661.672335267
2019-10-30 01:30:00,14072170.664841149
2019-10-31 01:30:00,14072170.664841149
2019-11-01 01:30:00,14072170.664841149
2019-11-04 01:30:00,13875023.832690554
2019-11-05 01:30:00,13875023.832690554
2019-11-06 01:30:00,13875023.832690554
2019-11-07 01:30:00,13875023.832690554
2019-11-08 01:30:00,13875023.832690554
2019-11-11 01:30:00,14074783.832690554
2019-11-12 01:30:00,14074783.832690554
2019-11-13 01:30:00,14074783.832690554
2019-11-14 01:30:00,14074783.832690554
2019-11-15 01:30:00,14074783.832690554
2019-11-18 01:30:00,13871483.651431823
2019-11-19 01:30:00,13871483.651431823
2019-11-20 01:30:00,14071243.651431823
2019-11-21 01:30:00,14071243.651431823
2019-11-22 01:30:00,14071243.651431823
2019-11-25 01:30:00,14071243.651431823
2019-11-26 01:30:00,14071243.651431823
2019-11-27 01:30:00,14071243.651431823
2019-11-28 01:30:00,14071243.651431823
2019-11-29 01:30:00,14071243.651431823
2019-12-02 01:30:00,13870890.3885297
2019-12-03 01:30:00,13870890.3885297
2019-12-04 01:30:00,14270410.3885297
2019-12-05 01:30:00,14270410.3885297
2019-12-06 01:30:00,14270410.3885297
2019-12-09 01:30:00,14270410.3885297
2019-12-10 01:30:00,14270410.3885297
2019-12-11 01:30:00,14270410.3885297
2019-12-12 01:30:00,14270410.3885297
2019-12-13 01:30:00,14270410.3885297
2019-12-16 01:30:00,14270410.3885297
2019-12-17 01:30:00,14270410.3885297
2019-12-18 01:30:00,14270410.3885297
2019-12-19 01:30:00,14270410.3885297
2019-12-20 01:30:00,14270410.3885297
2019-12-23 01:30:00,14270410.3885297
2019-12-24 01:30:00,14270410.3885297
2019-12-25 01:30:00,14270410.3885297
2019-12-26 01:30:00,14270410.3885297
2019-12-27 01:30:00,14270410.3885297
2019-12-30 01:30:00,14270410.3885297
2019-12-31 01:30:00,14270410.3885297
2020-01-02 01:30:00,14270410.3885297
2020-01-03 01:30:00,14270410.3885297
2020-01-06 01:30:00,14270410.3885297
2020-01-07 01:30:00,14270410.3885297
2020-01-08 01:30:00,14270410.3885297
2020-01-09 01:30:00,14270410.3885297
2020-01-10 01:30:00,14270410.3885297
2020-01-13 01:30:00,14270410.3885297
2020-01-14 01:30:00,14270410.3885297
2020-01-15 01:30:00,14470170.3885297
2020-01-16 01:30:00,14470170.3885297
2020-01-17 01:30:00,14470170.3885297
2020-01-20 01:30:00,14470170.3885297
2020-01-21 01:30:00,14291488.588216629
2020-01-22 01:30:00,14291488.588216629
2020-01-23 01:30:00,14291488.588216629
2020-02-03 01:30:00,15090528.588216629
2020-02-04 01:30:00,14667719.524409112
2020-02-05 01:30:00,14867479.524409112
2020-02-06 01:30:00,14867479.524409112
2020-02-07 01:30:00,14867479.524409112
2020-02-10 01:30:00,14470047.46088583
2020-02-11 01:30:00,14470047.46088583
2020-02-12 01:30:00,14471084.524828618
2020-02-13 01:30:00,14471084.524828618
2020-02-14 01:30:00,14273568.370389225
2020-02-17 01:30:00,14273568.370389225
2020-02-18 01:30:00,14273568.370389225
2020-02-19 01:30:00,14273568.370389225
2020-02-20 01:30:00,14273568.370389225
2020-02-21 01:30:00,14273568.370389225
2020-02-24 01:30:00,14473328.370389225
2020-02-25 01:30:00,14481647.524569143
2020-02-26 01:30:00,14484697.254182149
2020-02-27 01:30:00,14684457.254182149
2020-02-28 01:30:00,15283737.254182149
2020-03-02 01:30:00,15283737.254182149
2020-03-03 01:30:00,15283737.254182149
2020-03-04 01:30:00,15283737.254182149
2020-03-05 01:30:00,15483497.254182149
2020-03-06 01:30:00,15483497.254182149
2020-03-09 01:30:00,15687576.324772479
2020-03-10 01:30:00,15687576.324772479
2020-03-11 01:30:00,15491654.23350732
2020-03-12 01:30:00,15488882.632312654
2020-03-13 01:30:00,15291733.632954167
2020-03-16 01:30:00,15491627.884404475
2020-03-17 01:30:00,15283408.091209363
2020-03-18 01:30:00,15465047.50241886
2020-03-19 01:30:00,14858195.499736894
2020-03-20 01:30:00,15257715.499736894
2020-03-23 01:30:00,15457475.499736894
2020-03-24 01:30:00,15457475.499736894
2020-03-25 01:30:00,15043754.964601986
2020-03-26 01:30:00,15043754.964601986
2020-03-27 01:30:00,15043754.964601986
2020-03-30 01:30:00,14846556.134256314
2020-03-31 01:30:00,14650467.751537725
2020-04-01 01:30:00,15049987.751537725
2020-04-02 01:30:00,15249747.751537725
2020-04-03 01:30:00,15249747.751537725
2020-04-07 01:30:00,15249747.751537725
2020-04-08 01:30:00,15249747.751537725
2020-04-09 01:30:00,15040406.328712303
2020-04-10 01:30:00,15240166.328712303
2020-04-13 01:30:00,15439926.328712303
2020-04-14 01:30:00,15244259.3340911
2020-04-15 01:30:00,15244259.3340911
2020-04-16 01:30:00,15049407.62891228
2020-04-17 01:30:00,15049407.62891228
2020-04-20 01:30:00,14850224.150665984
2020-04-21 01:30:00,14850224.150665984
2020-04-22 01:30:00,14850224.150665984
2020-04-23 01:30:00,13467105.407094207
2020-04-24 01:30:00,13666865.407094207
2020-04-27 01:30:00,14066385.407094207
2020-04-28 01:30:00,14273879.686769538
2020-04-29 01:30:00,14873159.686769538
2020-04-30 01:30:00,14670421.7929483
2020-05-06 01:30:00,14867973.026459195
2020-05-07 01:30:00,15267209.962187558
2020-05-08 01:30:00,15466969.962187558
2020-05-11 01:30:00,15264785.768587716
2020-05-12 01:30:00,15064107.622983487
2020-05-13 01:30:00,15263867.622983487
2020-05-14 01:30:00,15063907.253181556
2020-05-15 01:30:00,15063907.253181556
2020-05-18 01:30:00,14871365.396453723
2020-05-19 01:30:00,14459036.199315157
2020-05-20 01:30:00,14459036.199315157
2020-05-21 01:30:00,14658796.199315157
2020-05-22 01:30:00,14858007.645240048
2020-05-25 01:30:00,15057767.645240048
2020-05-26 01:30:00,14864568.126639768
2020-05-27 01:30:00,14864568.126639768
2020-05-28 01:30:00,15463848.126639768
2020-05-29 01:30:00,15463848.126639768
2020-06-01 01:30:00,15267605.926080491
2020-06-02 01:30:00,15267605.926080491
2020-06-03 01:30:00,15467365.926080491
2020-06-04 01:30:00,15467365.926080491
2020-06-05 01:30:00,15467365.926080491
2020-06-08 01:30:00,15467365.926080491
2020-06-09 01:30:00,15467365.926080491
2020-06-10 01:30:00,15467365.926080491
2020-06-11 01:30:00,15467365.926080491
2020-06-12 01:30:00,15467365.926080491
2020-06-15 01:30:00,15066443.97243923
2020-06-16 01:30:00,15266203.97243923
2020-06-17 01:30:00,14856536.974908203
2020-06-18 01:30:00,15056296.974908203
2020-06-19 01:30:00,14855771.703564052
2020-06-22 01:30:00,15055531.703564052
2020-06-23 01:30:00,14458901.628177412
2020-06-24 01:30:00,14658661.628177412
2020-06-29 01:30:00,14453453.594530782
2020-06-30 01:30:00,14653213.594530782
2020-07-01 01:30:00,14852973.594530782
2020-07-02 01:30:00,15052177.514116073
2020-07-03 01:30:00,15451697.514116073
2020-07-06 01:30:00,15654759.195631783
2020-07-07 01:30:00,16453799.195631783
2020-07-08 01:30:00,16043810.657679413
2020-07-09 01:30:00,16242973.239395253
2020-07-10 01:30:00,16241844.759680439
2020-07-13 01:30:00,16240710.400099527
2020-07-14 01:30:00,16440470.400099527
2020-07-15 01:30:00,16440470.400099527
2020-07-16 01:30:00,16442411.480088677
2020-07-17 01:30:00,15848871.341510432
2020-07-20 01:30:00,15837151.464479022
2020-07-21 01:30:00,16236965.927033357
2020-07-22 01:30:00,16226158.333221741
2020-07-23 01:30:00,16004726.869658977
2020-07-24 01:30:00,16204486.869658977
2020-07-27 01:30:00,16204486.869658977
2020-07-28 01:30:00,16204486.869658977
2020-07-29 01:30:00,16404246.869658977
2020-07-30 01:30:00,16404246.869658977
2020-07-31 01:30:00,16404246.869658977
2020-08-03 01:30:00,16404246.869658977
2020-08-04 01:30:00,16604006.869658977
2020-08-05 01:30:00,16803766.869658977
2020-08-06 01:30:00,16803766.869658977
2020-08-07 01:30:00,16600977.050074005
2020-08-10 01:30:00,16590073.551671319
2020-08-11 01:30:00,16586466.15606622
2020-08-12 01:30:00,16584354.115027457
2020-08-13 01:30:00,16766862.895603675
2020-08-14 01:30:00,16764187.219475117
2020-08-17 01:30:00,16963947.219475117
2020-08-18 01:30:00,16763913.870679747
2020-08-19 01:30:00,16963673.870679747
2020-08-20 01:30:00,16961800.389820285
2020-08-21 01:30:00,16761334.19667381
2020-08-24 01:30:00,16961094.19667381
2020-08-25 01:30:00,16961890.124503113
2020-08-26 01:30:00,16965198.849488247
2020-08-27 01:30:00,16965198.849488247
2020-08-28 01:30:00,16965198.849488247
2020-08-31 01:30:00,17164958.849488247
2020-09-01 01:30:00,17164958.849488247
2020-09-02 01:30:00,17164958.849488247
2020-09-03 01:30:00,17164958.849488247
2020-09-04 01:30:00,17165723.880142752
2020-09-07 01:30:00,16960627.432961065
2020-09-08 01:30:00,17160387.432961065
2020-09-09 01:30:00,17160387.432961065
2020-09-10 01:30:00,17360147.432961065
2020-09-11 01:30:00,17360147.432961065
2020-09-14 01:30:00,17360147.432961065
2020-09-15 01:30:00,17149989.89100958
2020-09-16 01:30:00,17149989.89100958
2020-09-17 01:30:00,17149989.89100958
2020-09-18 01:30:00,17149989.89100958
2020-09-21 01:30:00,16945442.707009748
2020-09-22 01:30:00,17145202.707009748
2020-09-23 01:30:00,17344962.707009748
2020-09-24 01:30:00,17344962.707009748
2020-09-25 01:30:00,17344962.707009748
2020-09-28 01:30:00,17544722.707009748
2020-09-29 01:30:00,17347767.86699179
2020-09-30 01:30:00,17347767.86699179
2020-10-09 01:30:00,17547527.86699179
2020-10-12 01:30:00,17547527.86699179
2020-10-13 01:30:00,17346462.517497357
2020-10-14 01:30:00,17346462.517497357
2020-10-15 01:30:00,17346462.517497357
2020-10-16 01:30:00,17346462.517497357
2020-10-19 01:30:00,17144954.034804
2020-10-20 01:30:00,17344714.034804
2020-10-21 01:30:00,17344714.034804
2020-10-22 01:30:00,17544474.034804
2020-10-23 01:30:00,17355604.85699068
2020-10-26 01:30:00,17355604.85699068
2020-10-27 01:30:00,17555364.85699068
2020-10-28 01:30:00,17356975.480651308
2020-10-29 01:30:00,17356975.480651308
2020-10-30 01:30:00,17156642.00087
2020-11-02 01:30:00,17556162.00087
2020-11-03 01:30:00,17355826.256945916
2020-11-04 01:30:00,17755346.256945916
2020-11-05 01:30:00,17755346.256945916
2020-11-06 01:30:00,17755346.256945916
2020-11-09 01:30:00,17755346.256945916
2020-11-10 01:30:00,17755346.256945916
2020-11-11 01:30:00,17755346.256945916
2020-11-12 01:30:00,17755346.256945916
2020-11-13 01:30:00,17755346.256945916
2020-11-16 01:30:00,17554186.848433707
2020-11-17 01:30:00,17953706.848433707
2020-11-18 01:30:00,17953706.848433707
2020-11-19 01:30:00,17953706.848433707
2020-11-20 01:30:00,18163025.081985712
2020-11-23 01:30:00,18163025.081985712
2020-11-24 01:30:00,17766253.358608514
2020-11-25 01:30:00,17966013.358608514
2020-11-26 01:30:00,18165773.358608514
2020-11-27 01:30:00,18165773.358608514
2020-11-30 01:30:00,18165773.358608514
2020-12-01 01:30:00,18365533.358608514
2020-12-02 01:30:00,18168005.56692056
2020-12-03 01:30:00,18168005.56692056
2020-12-04 01:30:00,18168005.56692056
2020-12-07 01:30:00,17969387.672769483
2020-12-08 01:30:00,17969387.672769483
2020-12-09 01:30:00,17969387.672769483
2020-12-10 01:30:00,17970154.97819388
2020-12-11 01:30:00,18169914.97819388
2020-12-14 01:30:00,18169914.97819388
2020-12-15 01:30:00,17963861.366586372
2020-12-16 01:30:00,18163621.366586372
2020-12-17 01:30:00,17967426.837448582
2020-12-18 01:30:00,17951660.813042276
2020-12-21 01:30:00,17737352.935554404
2020-12-22 01:30:00,17733906.36814582
2020-12-23 01:30:00,17733956.773979433
2020-12-24 01:30:00,17933716.773979433
2020-12-25 01:30:00,17737688.208773743
2020-12-28 01:30:00,17737688.208773743
2020-12-29 01:30:00,17937448.208773743
2020-12-30 01:30:00,17937448.208773743
2020-12-31 01:30:00,17937448.208773743
2021-01-04 01:30:00,17937126.20078098
2021-01-05 01:30:00,18336646.20078098
2021-01-06 01:30:00,18336646.20078098
2021-01-07 01:30:00,18139815.120404944
2021-01-08 01:30:00,17965869.751144923
2021-01-11 01:30:00,17965869.751144923
2021-01-12 01:30:00,18365389.751144923
2021-01-13 01:30:00,18565149.751144923
2021-01-14 01:30:00,18565149.751144923
2021-01-15 01:30:00,18565149.751144923
2021-01-18 01:30:00,18764909.751144923
2021-01-19 01:30:00,18764909.751144923
2021-01-20 01:30:00,18764909.751144923
2021-01-21 01:30:00,18764909.751144923
2021-01-22 01:30:00,18764909.751144923
2021-01-25 01:30:00,18964669.751144923
2021-01-26 01:30:00,19164429.751144923
2021-01-27 01:30:00,19164429.751144923
2021-01-28 01:30:00,19164429.751144923
2021-01-29 01:30:00,19164429.751144923
2021-02-01 01:30:00,18969231.30373483
2021-02-02 01:30:00,18969231.30373483
2021-02-03 01:30:00,18770061.786580883
2021-02-04 01:30:00,18969821.786580883
2021-02-05 01:30:00,18969821.786580883
2021-02-08 01:30:00,18969821.786580883
2021-02-09 01:30:00,18969821.786580883
2021-02-10 01:30:00,18776774.854281783
2021-02-18 01:30:00,18579748.8150793
2021-02-19 01:30:00,18376776.406838614
2021-02-22 01:30:00,17992876.87502686
2021-02-23 01:30:00,18192636.87502686
2021-02-24 01:30:00,18192636.87502686
2021-02-25 01:30:00,18192636.87502686
2021-02-26 01:30:00,18192636.87502686
2021-03-01 01:30:00,18392396.87502686
2021-03-02 01:30:00,18392396.87502686
2021-03-03 01:30:00,18392396.87502686
2021-03-04 01:30:00,18592156.87502686
2021-03-05 01:30:00,18592156.87502686
2021-03-08 01:30:00,18592156.87502686
2021-03-09 01:30:00,18393015.739979684
2021-03-10 01:30:00,18393015.739979684
2021-03-11 01:30:00,18393015.739979684
2021-03-12 01:30:00,18393015.739979684
2021-03-15 01:30:00,17999221.23454963
2021-03-16 01:30:00,17999221.23454963
2021-03-17 01:30:00,17999221.23454963
2021-03-18 01:30:00,18198981.23454963
2021-03-19 01:30:00,18198981.23454963
2021-03-22 01:30:00,17778906.5007237
2021-03-23 01:30:00,17778906.5007237
2021-03-24 01:30:00,17978666.5007237
2021-03-25 01:30:00,17978666.5007237
2021-03-26 01:30:00,17978666.5007237
2021-03-29 01:30:00,17978666.5007237
2021-03-30 01:30:00,17978666.5007237
2021-03-31 01:30:00,17978666.5007237
2021-04-01 01:30:00,17978666.5007237
2021-04-02 01:30:00,17978666.5007237
2021-04-06 01:30:00,18178426.5007237
2021-04-07 01:30:00,18178426.5007237
2021-04-08 01:30:00,17978008.225296907
2021-04-09 01:30:00,18177768.225296907
2021-04-12 01:30:00,18177768.225296907
2021-04-13 01:30:00,18171467.24216751
2021-04-14 01:30:00,18371227.24216751
2021-04-15 01:30:00,18187082.569111638
2021-04-16 01:30:00,18386842.569111638
2021-04-19 01:30:00,18181424.66169171
2021-04-20 01:30:00,18780704.66169171
2021-04-21 01:30:00,18780704.66169171
2021-04-22 01:30:00,18780704.66169171
2021-04-23 01:30:00,18780704.66169171
2021-04-26 01:30:00,18780704.66169171
2021-04-27 01:30:00,18780704.66169171
2021-04-28 01:30:00,18780704.66169171
2021-04-29 01:30:00,18572491.245037064
2021-04-30 01:30:00,18772251.245037064
2021-05-06 01:30:00,18772251.245037064
2021-05-07 01:30:00,18772251.245037064
2021-05-10 01:30:00,18349256.97697717
2021-05-11 01:30:00,18948536.97697717
2021-05-12 01:30:00,18746771.228125665
2021-05-13 01:30:00,18946531.228125665
2021-05-14 01:30:00,19146291.228125665
2021-05-17 01:30:00,18947922.455453217
2021-05-18 01:30:00,18947922.455453217
2021-05-19 01:30:00,18750658.92129119
2021-05-20 01:30:00,18750658.92129119
2021-05-21 01:30:00,18339337.935972754
2021-05-24 01:30:00,18339337.935972754
2021-05-25 01:30:00,18339337.935972754
2021-05-26 01:30:00,18539097.935972754
2021-05-27 01:30:00,18539097.935972754
2021-05-28 01:30:00,18738857.935972754
2021-05-31 01:30:00,18738857.935972754
2021-06-01 01:30:00,18738857.935972754
2021-06-02 01:30:00,18738857.935972754
2021-06-03 01:30:00,18738857.935972754
2021-06-04 01:30:00,18738857.935972754
2021-06-07 01:30:00,18738857.935972754
2021-06-08 01:30:00,18738857.935972754
2021-06-09 01:30:00,18738857.935972754
2021-06-10 01:30:00,18738857.935972754
2021-06-11 01:30:00,18938617.935972754
2021-06-15 01:30:00,18940220.182148412
2021-06-16 01:30:00,18940220.182148412
2021-06-17 01:30:00,18941323.06685138
2021-06-18 01:30:00,18941323.06685138
2021-06-21 01:30:00,18941323.06685138
2021-06-22 01:30:00,18941323.06685138
2021-06-23 01:30:00,18941323.06685138
2021-06-24 01:30:00,18941323.06685138
2021-06-25 01:30:00,18941323.06685138
2021-06-28 01:30:00,18941323.06685138
2021-06-29 01:30:00,18941323.06685138
2021-06-30 01:30:00,18941323.06685138
2021-07-01 01:30:00,18740452.625439487
2021-07-02 01:30:00,18740452.625439487
2021-07-05 01:30:00,18533667.76730811
2021-07-06 01:30:00,18733427.76730811
2021-07-07 01:30:00,18532204.511846554
2021-07-08 01:30:00,18532204.511846554
2021-07-09 01:30:00,18532204.511846554
2021-07-12 01:30:00,18532204.511846554
2021-07-13 01:30:00,18532204.511846554
2021-07-14 01:30:00,18532204.511846554
2021-07-15 01:30:00,18731964.511846554
2021-07-16 01:30:00,18731964.511846554
2021-07-19 01:30:00,18731964.511846554
2021-07-20 01:30:00,18731964.511846554
2021-07-21 01:30:00,18731964.511846554
2021-07-22 01:30:00,18731964.511846554
2021-07-23 01:30:00,18731964.511846554
2021-07-26 01:30:00,18731964.511846554
2021-07-27 01:30:00,18731964.511846554
2021-07-28 01:30:00,18532221.177617468
2021-07-29 01:30:00,18532221.177617468
2021-07-30 01:30:00,18731981.177617468
2021-08-02 01:30:00,18731981.177617468
2021-08-03 01:30:00,18533317.825416863
2021-08-04 01:30:00,18533317.825416863
2021-08-05 01:30:00,18533317.825416863
2021-08-06 01:30:00,18733077.825416863
2021-08-09 01:30:00,18733077.825416863
2021-08-10 01:30:00,18932837.825416863
2021-08-11 01:30:00,18932837.825416863
2021-08-12 01:30:00,18932837.825416863
2021-08-13 01:30:00,18932837.825416863
2021-08-16 01:30:00,18932837.825416863
2021-08-17 01:30:00,18932837.825416863
2021-08-18 01:30:00,18932837.825416863
2021-08-19 01:30:00,18932837.825416863
2021-08-20 01:30:00,18932837.825416863
2021-08-23 01:30:00,18932837.825416863
2021-08-24 01:30:00,18932837.825416863
2021-08-25 01:30:00,18932837.825416863
2021-08-26 01:30:00,18733232.625314444
2021-08-27 01:30:00,18534263.954402074
2021-08-30 01:30:00,18534263.954402074
2021-08-31 01:30:00,18534263.954402074
2021-09-01 01:30:00,18534263.954402074
2021-09-02 01:30:00,18534263.954402074
2021-09-03 01:30:00,18534263.954402074
2021-09-06 01:30:00,18534263.954402074
2021-09-07 01:30:00,18534263.954402074
2021-09-08 01:30:00,18734023.954402074
2021-09-09 01:30:00,18734023.954402074
2021-09-10 01:30:00,18734023.954402074
2021-09-13 01:30:00,18536280.70724314
2021-09-14 01:30:00,18536280.70724314
2021-09-15 01:30:00,18536280.70724314
2021-09-16 01:30:00,18536280.70724314
2021-09-17 01:30:00,18536280.70724314
2021-09-22 01:30:00,18536280.70724314
2021-09-23 01:30:00,18536280.70724314
2021-09-24 01:30:00,18736040.70724314
2021-09-27 01:30:00,18736040.70724314
2021-09-28 01:30:00,18736040.70724314
2021-09-29 01:30:00,18736040.70724314
2021-09-30 01:30:00,18736040.70724314
2021-10-08 01:30:00,18736040.70724314
2021-10-11 01:30:00,18736040.70724314
2021-10-12 01:30:00,18736040.70724314
2021-10-13 01:30:00,18736040.70724314
2021-10-14 01:30:00,18537564.954313233
2021-10-15 01:30:00,18737324.954313233
2021-10-18 01:30:00,18737324.954313233
2021-10-19 01:30:00,18737324.954313233
2021-10-20 01:30:00,18937084.954313233
2021-10-21 01:30:00,18937084.954313233
2021-10-22 01:30:00,18937084.954313233
2021-10-25 01:30:00,18937084.954313233
2021-10-26 01:30:00,18937084.954313233
2021-10-27 01:30:00,19136844.954313233
2021-10-28 01:30:00,19336604.954313233
2021-10-29 01:30:00,19133659.027744606
2021-11-01 01:30:00,19134323.951441556
2021-11-02 01:30:00,19134323.951441556
2021-11-03 01:30:00,19134323.951441556
2021-11-04 01:30:00,18934345.77011021
2021-11-05 01:30:00,19134105.77011021
2021-11-08 01:30:00,19134105.77011021
2021-11-09 01:30:00,18924528.9325488
2021-11-10 01:30:00,18924528.9325488
2021-11-11 01:30:00,18924528.9325488
2021-11-12 01:30:00,18924528.9325488
2021-11-15 01:30:00,18924528.9325488
2021-11-16 01:30:00,18924528.9325488
2021-11-17 01:30:00,18527551.10037117
2021-11-18 01:30:00,18727311.10037117
2021-11-19 01:30:00,18727311.10037117
2021-11-22 01:30:00,18727311.10037117
2021-11-23 01:30:00,18727311.10037117
2021-11-24 01:30:00,18727311.10037117
2021-11-25 01:30:00,18527747.288464338
2021-11-26 01:30:00,18527747.288464338
2021-11-29 01:30:00,18328627.310308013
2021-11-30 01:30:00,18328627.310308013
2021-12-01 01:30:00,18328627.310308013
2021-12-02 01:30:00,18328627.310308013
2021-12-03 01:30:00,18328627.310308013
2021-12-06 01:30:00,18328627.310308013
2021-12-07 01:30:00,18328627.310308013
2021-12-08 01:30:00,18328627.310308013
2021-12-09 01:30:00,18328627.310308013
2021-12-10 01:30:00,18328627.310308013
2021-12-13 01:30:00,18328627.310308013
2021-12-14 01:30:00,18328627.310308013
2021-12-15 01:30:00,18328627.310308013
2021-12-16 01:30:00,18328627.310308013
2021-12-17 01:30:00,18328627.310308013
2021-12-20 01:30:00,18528387.310308013
2021-12-21 01:30:00,18528387.310308013
2021-12-22 01:30:00,18528387.310308013
2021-12-23 01:30:00,18528387.310308013
2021-12-24 01:30:00,18528387.310308013
2021-12-27 01:30:00,18528387.310308013
2021-12-28 01:30:00,18528387.310308013
2021-12-29 01:30:00,18528387.310308013
2021-12-30 01:30:00,18328696.903217427
2021-12-31 01:30:00,18328696.903217427
2022-01-04 01:30:00,18328696.903217427
2022-01-05 01:30:00,18328696.903217427
2022-01-06 01:30:00,18528456.903217427
2022-01-07 01:30:00,18528456.903217427
2022-01-10 01:30:00,18528456.903217427
2022-01-11 01:30:00,18528456.903217427
2022-01-12 01:30:00,18528456.903217427
2022-01-13 01:30:00,18935860.362046644
2022-01-14 01:30:00,18935860.362046644
2022-01-17 01:30:00,18935860.362046644
2022-01-18 01:30:00,18935860.362046644
2022-01-19 01:30:00,18935860.362046644
2022-01-20 01:30:00,19135620.362046644
2022-01-21 01:30:00,19335380.362046644
2022-01-24 01:30:00,19335380.362046644
2022-01-25 01:30:00,19335380.362046644
2022-01-26 01:30:00,19134952.901286587
2022-01-27 01:30:00,19334712.901286587
2022-01-28 01:30:00,19334712.901286587
2022-02-07 01:30:00,19334712.901286587
2022-02-08 01:30:00,19334712.901286587
2022-02-09 01:30:00,18940495.059375696
2022-02-10 01:30:00,18940495.059375696
2022-02-11 01:30:00,18940495.059375696
2022-02-14 01:30:00,19140255.059375696
2022-02-15 01:30:00,19140255.059375696
2022-02-16 01:30:00,18939879.084914155
2022-02-17 01:30:00,18744221.133839358
2022-02-18 01:30:00,18744221.133839358
2022-02-21 01:30:00,18744221.133839358
2022-02-22 01:30:00,18744221.133839358
2022-02-23 01:30:00,18744221.133839358
2022-02-24 01:30:00,18943981.133839358
2022-02-25 01:30:00,18943981.133839358
2022-02-28 01:30:00,19143741.133839358
2022-03-01 01:30:00,19343501.133839358
2022-03-02 01:30:00,19343501.133839358
2022-03-03 01:30:00,19146492.459796067
2022-03-04 01:30:00,19146492.459796067
2022-03-07 01:30:00,19346252.459796067
2022-03-08 01:30:00,19346252.459796067
2022-03-09 01:30:00,19137686.098682053
2022-03-10 01:30:00,18935823.535085313
2022-03-11 01:30:00,19135583.535085313
2022-03-14 01:30:00,19135583.535085313
2022-03-15 01:30:00,19535103.535085313
2022-03-16 01:30:00,19334771.282065645
2022-03-17 01:30:00,19334771.282065645
2022-03-18 01:30:00,19334771.282065645
2022-03-21 01:30:00,18930622.08373434
2022-03-22 01:30:00,18930622.08373434
2022-03-23 01:30:00,18930622.08373434
2022-03-24 01:30:00,18930622.08373434
2022-03-25 01:30:00,19130382.08373434
2022-03-28 01:30:00,18927417.19384002
2022-03-29 01:30:00,18927417.19384002
2022-03-30 01:30:00,19127177.19384002
2022-03-31 01:30:00,18926300.957944237
2022-04-01 01:30:00,18926300.957944237
2022-04-06 01:30:00,18724480.960072428
2022-04-07 01:30:00,18724480.960072428
2022-04-08 01:30:00,18724480.960072428
2022-04-11 01:30:00,18515812.764655568
2022-04-12 01:30:00,18915332.764655568
2022-04-13 01:30:00,18915332.764655568
2022-04-14 01:30:00,18908895.35412383
2022-04-15 01:30:00,18900211.32514122
2022-04-18 01:30:00,18722204.52047389
2022-04-19 01:30:00,19121724.52047389
2022-04-20 01:30:00,18712232.88753233
2022-04-21 01:30:00,19111752.88753233
2022-04-22 01:30:00,18908077.06395845
2022-04-25 01:30:00,19313803.84366696
2022-04-26 01:30:00,18908562.7737544
2022-04-27 01:30:00,19102711.333495222
2022-04-28 01:30:00,19302471.333495222
2022-04-29 01:30:00,19096951.23521341
2022-05-05 01:30:00,19292438.16728051
2022-05-06 01:30:00,19282397.388065018
2022-05-09 01:30:00,19482157.388065018
2022-05-10 01:30:00,19274866.24114678
2022-05-11 01:30:00,19275714.562945083
2022-05-12 01:30:00,19275714.562945083
2022-05-13 01:30:00,19275714.562945083
2022-05-16 01:30:00,19275714.562945083
2022-05-17 01:30:00,19275714.562945083
2022-05-18 01:30:00,19275714.562945083
2022-05-19 01:30:00,19088477.17644158
2022-05-20 01:30:00,19088477.17644158
2022-05-23 01:30:00,19088477.17644158
2022-05-24 01:30:00,19088477.17644158
2022-05-25 01:30:00,18689964.292529188
2022-05-26 01:30:00,18689964.292529188
2022-05-27 01:30:00,18689964.292529188
2022-05-30 01:30:00,18889724.292529188
2022-05-31 01:30:00,19089484.292529188
2022-06-01 01:30:00,19289244.292529188
2022-06-02 01:30:00,19489004.292529188
2022-06-06 01:30:00,19489004.292529188
2022-06-07 01:30:00,19282737.46696774
2022-06-08 01:30:00,19482497.46696774
2022-06-09 01:30:00,19277730.726528633
2022-06-10 01:30:00,19477490.726528633
2022-06-13 01:30:00,19271423.969320543
2022-06-14 01:30:00,19471183.969320543
2022-06-15 01:30:00,19471183.969320543
2022-06-16 01:30:00,19270692.76366721
2022-06-17 01:30:00,19670212.76366721
2022-06-20 01:30:00,19670212.76366721
2022-06-21 01:30:00,19470051.96823025
2022-06-22 01:30:00,19272266.68826658
2022-06-23 01:30:00,19272266.68826658
2022-06-24 01:30:00,19272266.68826658
2022-06-27 01:30:00,19272266.68826658
2022-06-28 01:30:00,19272266.68826658
2022-06-29 01:30:00,19472026.68826658
2022-06-30 01:30:00,19472026.68826658
2022-07-01 01:30:00,19472026.68826658
2022-07-04 01:30:00,19472026.68826658
2022-07-05 01:30:00,19472026.68826658
2022-07-06 01:30:00,19472026.68826658
2022-07-07 01:30:00,19271177.60696726
2022-07-08 01:30:00,19271177.60696726
2022-07-11 01:30:00,19271177.60696726
2022-07-12 01:30:00,19470937.60696726
2022-07-13 01:30:00,19470937.60696726
2022-07-14 01:30:00,19470937.60696726
2022-07-15 01:30:00,19465447.366026662
2022-07-18 01:30:00,19465447.366026662
2022-07-19 01:30:00,19071233.474905986
2022-07-20 01:30:00,19071233.474905986
2022-07-21 01:30:00,19470753.474905986
2022-07-22 01:30:00,19268303.395476416
2022-07-25 01:30:00,19667823.395476416
2022-07-26 01:30:00,19667823.395476416
2022-07-27 01:30:00,19667823.395476416
2022-07-28 01:30:00,19471273.118169054
2022-07-29 01:30:00,19471273.118169054
2022-08-01 01:30:00,19671033.118169054
2022-08-02 01:30:00,19671467.202469498
2022-08-03 01:30:00,19671467.202469498
2022-08-04 01:30:00,19671467.202469498
2022-08-05 01:30:00,19671467.202469498
2022-08-08 01:30:00,19474321.982507512
2022-08-09 01:30:00,19474321.982507512
2022-08-10 01:30:00,19674081.982507512
2022-08-11 01:30:00,19674081.982507512
2022-08-12 01:30:00,19504699.604136057
2022-08-15 01:30:00,19306161.792663716
2022-08-16 01:30:00,19306161.792663716
2022-08-17 01:30:00,19306161.792663716
2022-08-18 01:30:00,19306161.792663716
2022-08-19 01:30:00,19306161.792663716
2022-08-22 01:30:00,19106203.659591626
2022-08-23 01:30:00,19305963.659591626
2022-08-24 01:30:00,19305963.659591626
2022-08-25 01:30:00,19107728.399205636
2022-08-26 01:30:00,19307488.399205636
2022-08-29 01:30:00,19305631.819858007
2022-08-30 01:30:00,19505391.819858007
2022-08-31 01:30:00,19505391.819858007
2022-09-01 01:30:00,19505391.819858007
2022-09-02 01:30:00,19505391.819858007
2022-09-05 01:30:00,19505391.819858007
2022-09-06 01:30:00,19505391.819858007
2022-09-07 01:30:00,19505391.819858007
2022-09-08 01:30:00,19505391.819858007
2022-09-09 01:30:00,19917050.55259922
2022-09-13 01:30:00,19715569.794039987
2022-09-14 01:30:00,19715569.794039987
2022-09-15 01:30:00,19915329.794039987
2022-09-16 01:30:00,19715798.554919943
2022-09-19 01:30:00,19515156.24865175
2022-09-20 01:30:00,19714584.846752938
2022-09-21 01:30:00,19914344.846752938
2022-09-22 01:30:00,19914344.846752938
2022-09-23 01:30:00,19914344.846752938
2022-09-26 01:30:00,20116522.130025588
2022-09-27 01:30:00,20116522.130025588
2022-09-28 01:30:00,20116522.130025588
2022-09-29 01:30:00,20114344.539438486
2022-09-30 01:30:00,20513864.539438486
2022-10-10 01:30:00,19913211.945224654
2022-10-11 01:30:00,19913662.188516308
2022-10-12 01:30:00,19913662.188516308
2022-10-13 01:30:00,20113422.188516308
2022-10-14 01:30:00,20113422.188516308
2022-10-17 01:30:00,19574883.623421457
2022-10-18 01:30:00,19574883.623421457
2022-10-19 01:30:00,19374573.989587523
2022-10-20 01:30:00,19170892.282416206
2022-10-21 01:30:00,19969932.282416206
2022-10-24 01:30:00,20172210.207658533
2022-10-25 01:30:00,20172210.207658533
2022-10-26 01:30:00,20172210.207658533
2022-10-27 01:30:00,20172210.207658533
2022-10-28 01:30:00,20371970.207658533
2022-10-31 01:30:00,19804359.69410718
2022-11-01 01:30:00,20603399.69410718
2022-11-02 01:30:00,20803159.69410718
2022-11-03 01:30:00,20803159.69410718
2022-11-04 01:30:00,20803159.69410718
2022-11-07 01:30:00,20803159.69410718
2022-11-08 01:30:00,20803159.69410718
2022-11-09 01:30:00,20803159.69410718
2022-11-10 01:30:00,20601778.62693548
2022-11-11 01:30:00,20401084.335864868
2022-11-14 01:30:00,20401084.335864868
2022-11-15 01:30:00,20401084.335864868
2022-11-16 01:30:00,20401084.335864868
2022-11-17 01:30:00,20197108.540592063
2022-11-18 01:30:00,20197108.540592063
2022-11-21 01:30:00,19796958.283175863
2022-11-22 01:30:00,19998140.624853317
2022-11-23 01:30:00,19602045.627880648
2022-11-24 01:30:00,20001565.627880648
2022-11-25 01:30:00,20201325.627880648
2022-11-28 01:30:00,20201325.627880648
2022-11-29 01:30:00,19803888.255178418
2022-11-30 01:30:00,20403168.255178418
2022-12-01 01:30:00,20403168.255178418
2022-12-02 01:30:00,20403168.255178418
2022-12-05 01:30:00,19799632.34050478
2022-12-06 01:30:00,20398912.34050478
2022-12-07 01:30:00,19788897.014489014
2022-12-08 01:30:00,20587937.014489014
2022-12-09 01:30:00,20587937.014489014
2022-12-12 01:30:00,20203106.563733563
2022-12-13 01:30:00,20203106.563733563
2022-12-14 01:30:00,20602626.563733563
2022-12-15 01:30:00,20603587.117905334
2022-12-16 01:30:00,20603587.117905334
2022-12-19 01:30:00,20603587.117905334
2022-12-20 01:30:00,20408848.384406522
2022-12-21 01:30:00,20608608.384406522
2022-12-22 01:30:00,20410512.56730915
2022-12-23 01:30:00,20410512.56730915
2022-12-26 01:30:00,20410512.56730915
2022-12-27 01:30:00,20410512.56730915
2022-12-28 01:30:00,20205213.93378543
2022-12-29 01:30:00,20205213.93378543
2022-12-30 01:30:00,20205213.93378543
2023-01-03 01:30:00,20205136.266305313
2023-01-04 01:30:00,19806197.70210903
2023-01-05 01:30:00,20005957.70210903
2023-01-06 01:30:00,20005957.70210903
2023-01-09 01:30:00,20201367.792826764
2023-01-10 01:30:00,20037869.625492074
2023-01-11 01:30:00,20237629.625492074
2023-01-12 01:30:00,20237629.625492074
2023-01-13 01:30:00,20038670.57839057
2023-01-16 01:30:00,20038670.57839057
2023-01-17 01:30:00,19844749.61819666
2023-01-18 01:30:00,19844749.61819666
2023-01-19 01:30:00,20044509.61819666
2023-01-20 01:30:00,20044509.61819666
2023-01-30 01:30:00,20044509.61819666
2023-01-31 01:30:00,20044509.61819666
2023-02-01 01:30:00,20044509.61819666
2023-02-02 01:30:00,20044509.61819666
2023-02-03 01:30:00,20044509.61819666
2023-02-06 01:30:00,20044509.61819666
2023-02-07 01:30:00,20044509.61819666
2023-02-08 01:30:00,19845230.936001524
2023-02-09 01:30:00,20044990.936001524
2023-02-10 01:30:00,20044990.936001524
2023-02-13 01:30:00,20044990.936001524
2023-02-14 01:30:00,19626569.65040604
2023-02-15 01:30:00,19626569.65040604
2023-02-16 01:30:00,19826329.65040604
2023-02-17 01:30:00,19625650.632131297
2023-02-20 01:30:00,19825410.632131297
2023-02-21 01:30:00,20025170.632131297
2023-02-22 01:30:00,20224930.632131297
2023-02-23 01:30:00,19812148.949441098
2023-02-24 01:30:00,20211668.949441098
2023-02-27 01:30:00,20011098.091676317
2023-02-28 01:30:00,20210858.091676317
2023-03-01 01:30:00,20210858.091676317
2023-03-02 01:30:00,20226196.67947077
2023-03-03 01:30:00,20226196.67947077
2023-03-06 01:30:00,20425956.67947077
2023-03-07 01:30:00,20425956.67947077
2023-03-08 01:30:00,20625716.67947077
2023-03-09 01:30:00,20221526.232762337
2023-03-10 01:30:00,20421286.232762337
2023-03-13 01:30:00,20212157.866814964
2023-03-14 01:30:00,20035011.373368733
2023-03-15 01:30:00,20234771.373368733
2023-03-16 01:30:00,20234771.373368733
2023-03-17 01:30:00,20234771.373368733
2023-03-20 01:30:00,20234771.373368733
2023-03-21 01:30:00,20434531.373368733
2023-03-22 01:30:00,20634291.373368733
2023-03-23 01:30:00,20634291.373368733
2023-03-24 01:30:00,20634291.373368733
2023-03-27 01:30:00,20634291.373368733
2023-03-28 01:30:00,20434560.51183472
2023-03-29 01:30:00,20225091.429034173
2023-03-30 01:30:00,20624611.429034173
2023-03-31 01:30:00,20422574.59256358
2023-04-03 01:30:00,20822094.59256358
2023-04-04 01:30:00,20619970.342341863
2023-04-06 01:30:00,20819730.342341863
2023-04-07 01:30:00,20819730.342341863
2023-04-10 01:30:00,20816283.54501412
2023-04-11 01:30:00,20613768.23331417
2023-04-12 01:30:00,20378447.584142692
2023-04-13 01:30:00,20777967.584142692
2023-04-14 01:30:00,20777967.584142692
2023-04-17 01:30:00,21177487.584142692
2023-04-18 01:30:00,20979142.55625767
2023-04-19 01:30:00,20979142.55625767
2023-04-20 01:30:00,20979142.55625767
2023-04-21 01:30:00,20979142.55625767
2023-04-24 01:30:00,20780361.804469727
2023-04-25 01:30:00,20579036.04195904
2023-04-26 01:30:00,20778796.04195904
2023-04-27 01:30:00,20778796.04195904
2023-04-28 01:30:00,20978556.04195904
2023-05-04 01:30:00,20984490.227686897
2023-05-05 01:30:00,20984490.227686897
2023-05-08 01:30:00,20784151.755489618
2023-05-09 01:30:00,20580841.955665894
2023-05-10 01:30:00,20780601.955665894
2023-05-11 01:30:00,20780601.955665894
2023-05-12 01:30:00,20780601.955665894
2023-05-15 01:30:00,20590127.21085836
2023-05-16 01:30:00,20590127.21085836
2023-05-17 01:30:00,20590127.21085836
2023-05-18 01:30:00,20585433.27378628
2023-05-19 01:30:00,20585433.27378628
2023-05-22 01:30:00,20585433.27378628
2023-05-23 01:30:00,20585433.27378628
2023-05-24 01:30:00,20587216.5460203
2023-05-25 01:30:00,20587216.5460203
2023-05-26 01:30:00,20786976.5460203
2023-05-29 01:30:00,21186496.5460203
2023-05-30 01:30:00,21186496.5460203
2023-05-31 01:30:00,21186496.5460203
2023-06-01 01:30:00,21186496.5460203
2023-06-02 01:30:00,21186496.5460203
2023-06-05 01:30:00,20987711.22937949
2023-06-06 01:30:00,20987711.22937949
2023-06-07 01:30:00,20987711.22937949
2023-06-08 01:30:00,21187471.22937949
2023-06-09 01:30:00,20791458.494552568
2023-06-12 01:30:00,20600596.521155484
2023-06-13 01:30:00,20600596.521155484
2023-06-14 01:30:00,20600596.521155484
2023-06-15 01:30:00,20600596.521155484
2023-06-16 01:30:00,20600596.521155484
2023-06-19 01:30:00,20800356.521155484
2023-06-20 01:30:00,20800356.521155484
2023-06-21 01:30:00,20800356.521155484
2023-06-26 01:30:00,21000116.521155484
2023-06-27 01:30:00,21000116.521155484
2023-06-28 01:30:00,21000116.521155484
2023-06-29 01:30:00,21000116.521155484
2023-06-30 01:30:00,21000116.521155484
2023-07-03 01:30:00,21000116.521155484
2023-07-04 01:30:00,21000116.521155484
2023-07-05 01:30:00,21000116.521155484
2023-07-06 01:30:00,20801502.94447357
2023-07-07 01:30:00,20801502.94447357
2023-07-10 01:30:00,20801502.94447357
2023-07-11 01:30:00,20801502.94447357
2023-07-12 01:30:00,20796092.18260534
2023-07-13 01:30:00,20796092.18260534
2023-07-14 01:30:00,20796092.18260534
2023-07-17 01:30:00,20796092.18260534
2023-07-18 01:30:00,20796092.18260534
2023-07-19 01:30:00,20796092.18260534
2023-07-20 01:30:00,20796092.18260534
2023-07-21 01:30:00,20796092.18260534
2023-07-24 01:30:00,20796092.18260534
2023-07-25 01:30:00,20798893.037591204
2023-07-26 01:30:00,20798893.037591204
2023-07-27 01:30:00,21198413.037591204
2023-07-28 01:30:00,21398173.037591204
2023-07-31 01:30:00,20808598.933173962
2023-08-01 01:30:00,21407878.933173962
2023-08-02 01:30:00,21407878.933173962
2023-08-03 01:30:00,21407878.933173962
2023-08-04 01:30:00,21407878.933173962
2023-08-07 01:30:00,21407878.933173962
2023-08-08 01:30:00,21607638.933173962
2023-08-09 01:30:00,21807398.933173962
2023-08-10 01:30:00,21807398.933173962
2023-08-11 01:30:00,21807398.933173962
2023-08-14 01:30:00,21807398.933173962
2023-08-15 01:30:00,21807398.933173962
2023-08-16 01:30:00,21807398.933173962
2023-08-17 01:30:00,21807398.933173962
2023-08-18 01:30:00,21807398.933173962
2023-08-21 01:30:00,21408512.262680035
2023-08-22 01:30:00,21408512.262680035
2023-08-23 01:30:00,21408512.262680035
2023-08-24 01:30:00,21608272.262680035
2023-08-25 01:30:00,21608272.262680035
2023-08-28 01:30:00,21407847.270972487
2023-08-29 01:30:00,21204770.344498914
2023-08-30 01:30:00,21204770.344498914
2023-08-31 01:30:00,21404530.344498914
2023-09-01 01:30:00,21404530.344498914
2023-09-04 01:30:00,21604290.344498914
2023-09-05 01:30:00,21604290.344498914
2023-09-06 01:30:00,21604290.344498914
2023-09-07 01:30:00,21604290.344498914
2023-09-08 01:30:00,21604290.344498914
2023-09-11 01:30:00,21604290.344498914
2023-09-12 01:30:00,21604290.344498914
2023-09-13 01:30:00,21403805.299322862
2023-09-14 01:30:00,21403805.299322862
2023-09-15 01:30:00,21403805.299322862
2023-09-18 01:30:00,21403805.299322862
2023-09-19 01:30:00,21403805.299322862
2023-09-20 01:30:00,21403805.299322862
2023-09-21 01:30:00,21403805.299322862
2023-09-22 01:30:00,21403805.299322862
2023-09-25 01:30:00,21403805.299322862
2023-09-26 01:30:00,21403805.299322862
2023-09-27 01:30:00,21403805.299322862
2023-09-28 01:30:00,21403805.299322862
2023-10-09 01:30:00,21403805.299322862
2023-10-10 01:30:00,21603565.299322862
2023-10-11 01:30:00,21397608.283223175
2023-10-12 01:30:00,20951504.98372218
2023-10-13 01:30:00,20951504.98372218
2023-10-16 01:30:00,20951504.98372218
2023-10-17 01:30:00,21151264.98372218
2023-10-18 01:30:00,21151264.98372218
2023-10-19 01:30:00,21151264.98372218
2023-10-20 01:30:00,21151264.98372218
2023-10-23 01:30:00,21550784.98372218
2023-10-24 01:30:00,21550784.98372218
2023-10-25 01:30:00,21550784.98372218
2023-10-26 01:30:00,21750544.98372218
2023-10-27 01:30:00,21950304.98372218
2023-10-30 01:30:00,21950304.98372218
2023-10-31 01:30:00,21950304.98372218
2023-11-01 01:30:00,21950304.98372218
2023-11-02 01:30:00,22150064.98372218
2023-11-03 01:30:00,21951764.826419853
2023-11-06 01:30:00,21543860.718272775
2023-11-07 01:30:00,21743620.718272775
2023-11-08 01:30:00,21743620.718272775
2023-11-09 01:30:00,21515863.36398036
2023-11-10 01:30:00,21515863.36398036
2023-11-13 01:30:00,21515863.36398036
2023-11-14 01:30:00,21326858.98964779
2023-11-15 01:30:00,21122396.638792202
2023-11-16 01:30:00,21122396.638792202
2023-11-17 01:30:00,21122396.638792202
2023-11-20 01:30:00,21322156.638792202
2023-11-21 01:30:00,21322156.638792202
2023-11-22 01:30:00,21521916.638792202
2023-11-23 01:30:00,21521916.638792202
2023-11-24 01:30:00,21322992.955680743
2023-11-27 01:30:00,21522752.955680743
2023-11-28 01:30:00,21522752.955680743
2023-11-29 01:30:00,21522752.955680743
2023-11-30 01:30:00,21522752.955680743
2023-12-01 01:30:00,21922272.955680743
2023-12-04 01:30:00,21922272.955680743
2023-12-05 01:30:00,21922272.955680743
2023-12-06 01:30:00,21922272.955680743
2023-12-07 01:30:00,21709641.261337135
2023-12-08 01:30:00,21709641.261337135
2023-12-11 01:30:00,21709641.261337135
2023-12-12 01:30:00,21709641.261337135
2023-12-13 01:30:00,22109161.261337135
2023-12-14 01:30:00,22109161.261337135
2023-12-15 01:30:00,22308921.261337135
2023-12-18 01:30:00,21911761.373345185
2023-12-19 01:30:00,22111521.373345185
2023-12-20 01:30:00,22111521.373345185
2023-12-21 01:30:00,22111521.373345185
2023-12-22 01:30:00,22311281.373345185
2023-12-25 01:30:00,21923484.77284058
2023-12-26 01:30:00,21923484.77284058
2023-12-27 01:30:00,22123244.77284058
2023-12-28 01:30:00,21925886.456056796
2023-12-29 01:30:00,22125646.456056796
2024-01-02 01:30:00,21927311.373989627
2024-01-03 01:30:00,21927311.373989627
2024-01-04 01:30:00,21927311.373989627
2024-01-05 01:30:00,21927311.373989627
2024-01-08 01:30:00,21927311.373989627
2024-01-09 01:30:00,22127071.373989627
2024-01-10 01:30:00,22125745.163333744
2024-01-11 01:30:00,22325505.163333744
2024-01-12 01:30:00,22124832.976456307
2024-01-15 01:30:00,22324592.976456307
2024-01-16 01:30:00,22324592.976456307
2024-01-17 01:30:00,22324592.976456307
2024-01-18 01:30:00,22127031.361121304
2024-01-19 01:30:00,22326791.361121304
2024-01-22 01:30:00,22526551.361121304
2024-01-23 01:30:00,22526551.361121304
2024-01-24 01:30:00,22130270.87430252
2024-01-25 01:30:00,22330030.87430252
2024-01-26 01:30:00,22129633.016040243
2024-01-29 01:30:00,22329393.016040243
2024-01-30 01:30:00,22529153.016040243
2024-01-31 01:30:00,22328067.676146057
2024-02-01 01:30:00,22527771.495037243
2024-02-02 01:30:00,22334911.799425535
2024-02-05 01:30:00,22334911.799425535
2024-02-06 01:30:00,22334911.799425535
2024-02-07 01:30:00,22334911.799425535
2024-02-08 01:30:00,22334911.799425535
2024-02-19 01:30:00,22534671.799425535
2024-02-20 01:30:00,22534671.799425535
2024-02-21 01:30:00,22336493.90085289
2024-02-22 01:30:00,22536253.90085289
2024-02-23 01:30:00,22536253.90085289
2024-02-26 01:30:00,22536253.90085289
2024-02-27 01:30:00,22536253.90085289
2024-02-28 01:30:00,22536253.90085289
2024-02-29 01:30:00,22536253.90085289
2024-03-01 01:30:00,22338302.31049401
2024-03-04 01:30:00,22338302.31049401
2024-03-05 01:30:00,22338302.31049401
2024-03-06 01:30:00,22338302.31049401
2024-03-07 01:30:00,22338302.31049401
2024-03-08 01:30:00,22338302.31049401
2024-03-11 01:30:00,21913206.27317846
2024-03-12 01:30:00,21913206.27317846
2024-03-13 01:30:00,22112966.27317846
2024-03-14 01:30:00,22512486.27317846
2024-03-15 01:30:00,22512486.27317846
2024-03-18 01:30:00,22912006.27317846
2024-03-19 01:30:00,22912006.27317846
2024-03-20 01:30:00,22706005.8939182
2024-03-21 01:30:00,22905765.8939182
2024-03-22 01:30:00,22905765.8939182
2024-03-25 01:30:00,23105525.8939182
2024-03-26 01:30:00,23105525.8939182
2024-03-27 01:30:00,23105525.8939182
2024-03-28 01:30:00,23105525.8939182
2024-03-29 01:30:00,23105525.8939182
2024-04-01 01:30:00,22905252.273146003
2024-04-02 01:30:00,22701365.49239477
2024-04-03 01:30:00,22297298.674082384
2024-04-08 01:30:00,22293388.144483835
2024-04-09 01:30:00,22293388.144483835
2024-04-10 01:30:00,22091561.694682952
2024-04-11 01:30:00,22291321.694682952
2024-04-12 01:30:00,22291321.694682952
2024-04-15 01:30:00,22287037.450952258
2024-04-16 01:30:00,22886317.450952258
2024-04-17 01:30:00,22679480.969750065
2024-04-18 01:30:00,22679480.969750065
2024-04-19 01:30:00,22679480.969750065
2024-04-22 01:30:00,22679480.969750065
2024-04-23 01:30:00,22679480.969750065
2024-04-24 01:30:00,22679480.969750065
2024-04-25 01:30:00,22485710.619492613
2024-04-26 01:30:00,22485710.619492613
2024-04-29 01:30:00,22685470.619492613
2024-04-30 01:30:00,22697285.14494013
2024-05-06 01:30:00,22296826.28311166
2024-05-07 01:30:00,22301975.31816018
2024-05-08 01:30:00,22301975.31816018
2024-05-09 01:30:00,22501735.31816018
2024-05-10 01:30:00,22501735.31816018
2024-05-13 01:30:00,21907865.924035538
2024-05-14 01:30:00,21907865.924035538
2024-05-15 01:30:00,21907865.924035538
2024-05-16 01:30:00,22107625.924035538
2024-05-17 01:30:00,22107625.924035538
2024-05-20 01:30:00,22507145.924035538
2024-05-21 01:30:00,22507145.924035538
2024-05-22 01:30:00,22706905.924035538
2024-05-23 01:30:00,22706905.924035538
2024-05-24 01:30:00,22906665.924035538
2024-05-27 01:30:00,23106425.924035538
2024-05-28 01:30:00,22911583.85479473
2024-05-29 01:30:00,22911583.85479473
2024-05-30 01:30:00,22911583.85479473
2024-05-31 01:30:00,23111343.85479473
2024-06-03 01:30:00,23510863.85479473
2024-06-04 01:30:00,23508339.66128508
2024-06-05 01:30:00,23310183.33624024
2024-06-06 01:30:00,23305153.595952295
2024-06-07 01:30:00,23504913.595952295
2024-06-11 01:30:00,23129975.56789697
2024-06-12 01:30:00,23129975.56789697
2024-06-13 01:30:00,23329735.56789697
2024-06-14 01:30:00,23729255.56789697
2024-06-17 01:30:00,23729255.56789697
2024-06-18 01:30:00,24128775.56789697
2024-06-19 01:30:00,24328535.56789697
2024-06-20 01:30:00,23915999.33459385
2024-06-21 01:30:00,24122147.524082877
2024-06-24 01:30:00,23921689.38189185
2024-06-25 01:30:00,24321209.38189185
2024-06-26 01:30:00,23917526.38729491
2024-06-27 01:30:00,24122261.112227563
2024-06-28 01:30:00,24122261.112227563
2024-07-01 01:30:00,24521781.112227563
2024-07-02 01:30:00,24320572.72577136
2024-07-03 01:30:00,24520332.72577136
2024-07-04 01:30:00,24323384.411231674
2024-07-05 01:30:00,24523144.411231674
2024-07-08 01:30:00,24321734.400246173
2024-07-09 01:30:00,24521494.400246173
2024-07-10 01:30:00,24921014.400246173
2024-07-11 01:30:00,24717417.029154748
2024-07-12 01:30:00,24917177.029154748
2024-07-15 01:30:00,24917177.029154748
2024-07-16 01:30:00,24917177.029154748
2024-07-17 01:30:00,24738727.246273264
2024-07-18 01:30:00,24938487.246273264
2024-07-19 01:30:00,24938487.246273264
2024-07-22 01:30:00,24734015.54469707
2024-07-23 01:30:00,25133535.54469707
2024-07-24 01:30:00,25133535.54469707
2024-07-25 01:30:00,25133535.54469707
2024-07-26 01:30:00,25333295.54469707
2024-07-29 01:30:00,25135200.124723125
2024-07-30 01:30:00,24735101.30350682
2024-07-31 01:30:00,24735101.30350682
2024-08-01 01:30:00,24536308.02244681
2024-08-02 01:30:00,24339310.792635024
2024-08-05 01:30:00,24339310.792635024
2024-08-06 01:30:00,24340765.397350423
2024-08-07 01:30:00,24144914.674297392
2024-08-08 01:30:00,24544434.674297392
2024-08-09 01:30:00,24544434.674297392
2024-08-12 01:30:00,24145414.401665945
2024-08-13 01:30:00,23949977.539356343
2024-08-14 01:30:00,23949977.539356343
2024-08-15 01:30:00,23949977.539356343
2024-08-16 01:30:00,24149737.539356343
2024-08-19 01:30:00,24149737.539356343
2024-08-20 01:30:00,24149737.539356343
2024-08-21 01:30:00,24149737.539356343
2024-08-22 01:30:00,24349497.539356343
2024-08-23 01:30:00,24153732.63324334
2024-08-26 01:30:00,24153732.63324334
2024-08-27 01:30:00,24353492.63324334
2024-08-28 01:30:00,23940706.905670572
2024-08-29 01:30:00,23940706.905670572
2024-08-30 01:30:00,23742978.511831284
2024-09-02 01:30:00,23942738.511831284
2024-09-03 01:30:00,23738702.046064876
2024-09-04 01:30:00,23738702.046064876
2024-09-05 01:30:00,23738702.046064876
2024-09-06 01:30:00,23738702.046064876
2024-09-09 01:30:00,23738702.046064876
2024-09-10 01:30:00,23738702.046064876
2024-09-11 01:30:00,23938462.046064876
2024-09-12 01:30:00,23938462.046064876
2024-09-13 01:30:00,23938462.046064876
2024-09-18 01:30:00,23938462.046064876
2024-09-19 01:30:00,23938462.046064876
2024-09-20 01:30:00,24138222.046064876
2024-09-23 01:30:00,23924081.30627972
2024-09-24 01:30:00,24123841.30627972
2024-09-25 01:30:00,24523361.30627972
2024-09-26 01:30:00,24723121.30627972
2024-09-27 01:30:00,24512219.255629636
2024-09-30 01:30:00,25114998.446265925
2024-10-08 01:30:00,25720958.474217854
2024-10-09 01:30:00,26121612.69142216
2024-10-10 01:30:00,26505523.842285275
2024-10-11 01:30:00,26705736.396953493
2024-10-14 01:30:00,26707603.450717647
2024-10-15 01:30:00,26907363.450717647
2024-10-16 01:30:00,26915347.707720704
2024-10-17 01:30:00,26102364.68680629
2024-10-18 01:30:00,26501884.68680629
2024-10-21 01:30:00,26298469.166299976
2024-10-22 01:30:00,26306127.677913453
2024-10-23 01:30:00,26705647.677913453
2024-10-24 01:30:00,26705647.677913453
2024-10-25 01:30:00,26905407.677913453
2024-10-28 01:30:00,27300643.306699924
2024-10-29 01:30:00,27323371.867472455
2024-10-30 01:30:00,26725723.333165884
2024-10-31 01:30:00,26738820.57351168
2024-11-01 01:30:00,27149831.13592172
2024-11-04 01:30:00,26771844.018549114
2024-11-05 01:30:00,26771844.018549114
2024-11-06 01:30:00,26968249.293315373
2024-11-07 01:30:00,26597290.84664519
2024-11-08 01:30:00,26996810.84664519
2024-11-11 01:30:00,26797765.90731976
2024-11-12 01:30:00,26397158.87937755
2024-11-13 01:30:00,26796678.87937755
2024-11-14 01:30:00,26204125.479146253
2024-11-15 01:30:00,26210301.140080914
2024-11-18 01:30:00,25810571.63038021
2024-11-19 01:30:00,25612752.429166794
2024-11-20 01:30:00,25612752.429166794
2024-11-21 01:30:00,25812512.429166794
2024-11-22 01:30:00,26212032.429166794
2024-11-25 01:30:00,26005314.209375717
2024-11-26 01:30:00,26404834.209375717
2024-11-27 01:30:00,27004114.209375717
2024-11-28 01:30:00,26608000.701116316
2024-11-29 01:30:00,26412879.74910124
2024-12-02 01:30:00,26612639.74910124
2024-12-03 01:30:00,26419785.893445596
2024-12-04 01:30:00,26225548.760712758
2024-12-05 01:30:00,25633042.58560685
2024-12-06 01:30:00,25832802.58560685
2024-12-09 01:30:00,25632613.76694189
2024-12-10 01:30:00,26231893.76694189
2024-12-11 01:30:00,26239602.273102332
2024-12-12 01:30:00,26233193.198971797
2024-12-13 01:30:00,26233193.198971797
2024-12-16 01:30:00,26237500.735708404
2024-12-17 01:30:00,26437260.735708404
2024-12-18 01:30:00,26437260.735708404
2024-12-19 01:30:00,26637020.735708404
2024-12-20 01:30:00,26620649.241214436
2024-12-23 01:30:00,26624665.454268165
2024-12-24 01:30:00,26420789.54419787
2024-12-25 01:30:00,26425545.94771069
2024-12-26 01:30:00,26425545.94771069
2024-12-27 01:30:00,26625305.94771069
2024-12-30 01:30:00,26429374.5962209
2024-12-31 01:30:00,26629134.5962209
2025-01-02 01:30:00,26833608.357178975
2025-01-03 01:30:00,26412884.08128818
2025-01-06 01:30:00,26612644.08128818
2025-01-07 01:30:00,26612644.08128818
2025-01-08 01:30:00,27012164.08128818
2025-01-09 01:30:00,27012164.08128818
2025-01-10 01:30:00,27211924.08128818
2025-01-13 01:30:00,28010964.08128818
2025-01-14 01:30:00,28010964.08128818
2025-01-15 01:30:00,28210724.08128818
2025-01-16 01:30:00,28010723.74124161
2025-01-17 01:30:00,28015129.78196784
2025-01-20 01:30:00,28020119.97698764
2025-01-21 01:30:00,28221910.73052469
2025-01-22 01:30:00,28221910.73052469
2025-01-23 01:30:00,28221184.46685081
2025-01-24 01:30:00,28221184.46685081
2025-01-27 01:30:00,28022705.178129677
2025-02-05 01:30:00,27029603.40462673
2025-02-06 01:30:00,27027302.56222657
2025-02-07 01:30:00,27031271.470193066
2025-02-10 01:30:00,27245733.130517043
2025-02-11 01:30:00,27847975.590843763
2025-02-12 01:30:00,27847975.590843763
2025-02-13 01:30:00,28047735.590843763
2025-02-14 01:30:00,28247495.590843763
2025-02-17 01:30:00,28447255.590843763
2025-02-18 01:30:00,28235460.183254763
2025-02-19 01:30:00,28435220.183254763
2025-02-20 01:30:00,28416252.71017635
2025-02-21 01:30:00,29015532.71017635
2025-02-24 01:30:00,29015532.71017635
2025-02-25 01:30:00,29204250.48044061
2025-02-26 01:30:00,29014713.253889706
2025-02-27 01:30:00,29813753.253889706
2025-02-28 01:30:00,29423508.464410305
2025-03-03 01:30:00,28626699.028871447
2025-03-04 01:30:00,28626699.028871447
2025-03-05 01:30:00,28233332.327778585
2025-03-06 01:30:00,28433092.327778585
2025-03-07 01:30:00,28241248.3162345
2025-03-10 01:30:00,28240674.3019794
2025-03-11 01:30:00,28043914.235199317
2025-03-12 01:30:00,27843712.299950853
2025-03-13 01:30:00,27444630.277433947
2025-03-14 01:30:00,27644390.277433947
2025-03-17 01:30:00,27644390.277433947
2025-03-18 01:30:00,27644390.277433947
2025-03-19 01:30:00,27644390.277433947
2025-03-20 01:30:00,27844150.277433947
2025-03-21 01:30:00,27844150.277433947
2025-03-24 01:30:00,27845618.575192634
2025-03-25 01:30:00,28045378.575192634
2025-03-26 01:30:00,27839205.220028765
2025-03-27 01:30:00,27839205.220028765
2025-03-28 01:30:00,28038965.220028765
2025-03-31 01:30:00,28637523.859017733
2025-04-01 01:30:00,28643770.59587665
2025-04-02 01:30:00,28643770.59587665
2025-04-03 01:30:00,28643770.59587665
2025-04-07 01:30:00,28643693.881254982
2025-04-08 01:30:00,29247491.105238914
2025-04-09 01:30:00,29648017.83133124
2025-04-10 01:30:00,29447860.128506087
2025-04-11 01:30:00,29250231.8772505
2025-04-14 01:30:00,29250231.8772505
2025-04-15 01:30:00,29445084.204635598
2025-04-16 01:30:00,29220143.210471213
2025-04-17 01:30:00,29819423.210471213
2025-04-18 01:30:00,29419861.071867246
2025-04-21 01:30:00,29817566.032707453
2025-04-22 01:30:00,29996935.4360372
2025-04-23 01:30:00,30596215.4360372
2025-04-24 01:30:00,30387758.4201195
2025-04-25 01:30:00,30987038.4201195
2025-04-28 01:30:00,30187835.655993685
2025-04-29 01:30:00,29592152.515146233
2025-04-30 01:30:00,29806257.80949366
2025-05-06 01:30:00,29604318.595080197
2025-05-07 01:30:00,29850339.678463228
2025-05-08 01:30:00,29640480.364098977
2025-05-09 01:30:00,29448772.668449536
2025-05-12 01:30:00,29443916.318890277
2025-05-13 01:30:00,30242956.318890277
2025-05-14 01:30:00,30035093.534610413
2025-05-15 01:30:00,30237057.142028466
2025-05-16 01:30:00,29814114.45701173
2025-05-19 01:30:00,30413394.45701173
2025-05-20 01:30:00,30213128.1253439
2025-05-21 01:30:00,30215645.678946193
2025-05-22 01:30:00,30215645.678946193
2025-05-23 01:30:00,30049362.290756702
2025-05-26 01:30:00,30249122.290756702
2025-05-27 01:30:00,30249122.290756702
2025-05-28 01:30:00,30448882.290756702
2025-05-29 01:30:00,30445278.845338643
2025-05-30 01:30:00,30445278.845338643
2025-06-03 01:30:00,29447635.315283135
2025-06-04 01:30:00,29449750.287525073
2025-06-05 01:30:00,29649510.287525073
2025-06-06 01:30:00,29443671.472862765
2025-06-09 01:30:00,29240978.054391965
2025-06-10 01:30:00,29240978.054391965
2025-06-11 01:30:00,29440738.054391965
2025-06-12 01:30:00,29440738.054391965
2025-06-13 01:30:00,29840258.054391965
2025-06-16 01:30:00,29840258.054391965
2025-06-17 01:30:00,30040018.054391965
2025-06-18 01:30:00,30040018.054391965
2025-06-19 01:30:00,29846266.637823068
2025-06-20 01:30:00,29846266.637823068
2025-06-23 01:30:00,29846266.637823068
2025-06-24 01:30:00,29454197.46553009
2025-06-25 01:30:00,29454197.46553009
2025-06-26 01:30:00,29653957.46553009
2025-06-27 01:30:00,29653957.46553009
2025-06-30 01:30:00,29456832.81808068
2025-07-01 01:30:00,29269559.807033166
2025-07-02 01:30:00,29469319.807033166
2025-07-03 01:30:00,29666156.540699124
2025-07-04 01:30:00,29468944.834110238
2025-07-07 01:30:00,27999232.086931333
2025-07-08 01:30:00,28398752.086931333
2025-07-09 01:30:00,28196229.23179557
2025-07-10 01:30:00,28395989.23179557
2025-07-11 01:30:00,28600566.74398143
2025-07-14 01:30:00,28600566.74398143
2025-07-15 01:30:00,28781284.669817533
2025-07-16 01:30:00,28983253.584343623
2025-07-17 01:30:00,29383973.307816874
2025-07-18 01:30:00,29783493.307816874
2025-07-21 01:30:00,30382773.307816874
2025-07-22 01:30:00,31581333.307816874
2025-07-23 01:30:00,31611765.494492393
2025-07-24 01:30:00,31807162.57347049
2025-07-25 01:30:00,31827379.12859633
2025-07-28 01:30:00,31630545.825642087
2025-07-29 01:30:00,32038267.664712913
2025-07-30 01:30:00,31589424.51738888
2025-07-31 01:30:00,31393063.331210285
2025-08-01 01:30:00,30998249.341608133
2025-08-04 01:30:00,31450558.25816202
2025-08-05 01:30:00,31450558.25816202
2025-08-06 01:30:00,31452255.113407865
2025-08-07 01:30:00,31251316.835208077
2025-08-08 01:30:00,31850596.835208077
2025-08-11 01:30:00,30839704.023682997
2025-08-12 01:30:00,31635695.861002535
2025-08-13 01:30:00,31436271.344158858
2025-08-14 01:30:00,31438821.23638579
2025-08-15 01:30:00,31637334.2777473
2025-08-18 01:30:00,32037200.933387995
2025-08-19 01:30:00,31620665.99083833
2025-08-20 01:30:00,31220113.382031977
2025-08-21 01:30:00,31221965.850955874
2025-08-22 01:30:00,31421725.850955874
2025-08-25 01:30:00,31629775.243455954
2025-08-26 01:30:00,32018675.243455954
2025-08-27 01:30:00,31419740.25415231
2025-08-28 01:30:00,31218470.10620457
2025-08-29 01:30:00,32219990.330687195
2025-09-01 01:30:00,33447755.19615469
2025-09-02 01:30:00,33849431.93110527
2025-09-03 01:30:00,33427906.717964724
2025-09-04 01:30:00,33427415.30821891
2025-09-05 01:30:00,33218076.430711545
2025-09-08 01:30:00,33613918.56400375
2025-09-09 01:30:00,33016204.33348
2025-09-10 01:30:00,33417087.686198734
2025-09-11 01:30:00,33218447.57672573
2025-09-12 01:30:00,33218447.57672573
2025-09-15 01:30:00,33418207.57672573
2025-09-16 01:30:00,33819642.34121393
2025-09-17 01:30:00,33627279.91845125
2025-09-18 01:30:00,33825325.750141576
2025-09-19 01:30:00,34025085.750141576
2025-09-22 01:30:00,32811975.10277059
2025-09-23 01:30:00,32818292.458541073
2025-09-24 01:30:00,32832005.495917052
2025-09-25 01:30:00,32619054.29906258
2025-09-26 01:30:00,32825534.234974507
2025-09-29 01:30:00,31822654.88152311
2025-09-30 01:30:00,32424286.146255482
2025-10-09 01:30:00,32020872.84678245
2025-10-10 01:30:00,33222396.172597967
2025-10-13 01:30:00,33821676.17259797
2025-10-14 01:30:00,33624819.26534995
2025-10-15 01:30:00,33422280.075766735
2025-10-16 01:30:00,33632240.82524574
2025-10-17 01:30:00,34231520.82524574
2025-10-20 01:30:00,34041030.23298192
2025-10-21 01:30:00,34840070.23298192
2025-10-22 01:30:00,34430839.97160535
2025-10-23 01:30:00,35227150.756511346
2025-10-24 01:30:00,35024318.97869583
2025-10-27 01:30:00,35423838.97869583
2025-10-28 01:30:00,35019784.9462377
2025-10-29 01:30:00,35216308.820245594
2025-10-30 01:30:00,34002037.637333095
2025-10-31 01:30:00,35200597.637333095
2025-11-03 01:30:00,34800517.87311667
2025-11-04 01:30:00,34603645.543506466
2025-11-05 01:30:00,34603645.543506466
2025-11-06 01:30:00,34603645.543506466
2025-11-07 01:30:00,34603645.543506466
2025-11-10 01:30:00,34603645.543506466
2025-11-11 01:30:00,34407287.98659276
2025-11-12 01:30:00,34806807.98659276
2025-11-13 01:30:00,34806807.98659276
2025-11-14 01:30:00,35006567.98659276
2025-11-17 01:30:00,35006567.98659276
2025-11-18 01:30:00,35006567.98659276
2025-11-19 01:30:00,35006567.98659276
2025-11-20 01:30:00,35006567.98659276
2025-11-21 01:30:00,35008516.568371564
2025-11-24 01:30:00,35008516.568371564
2025-11-25 01:30:00,35008516.568371564
2025-11-26 01:30:00,35008516.568371564
2025-11-27 01:30:00,35208276.568371564
2025-11-28 01:30:00,35208276.568371564
2025-12-01 01:30:00,35012375.10699343
2025-12-02 01:30:00,34594152.655080505
2025-12-03 01:30:00,34793912.655080505
2025-12-04 01:30:00,34590955.866871074
2025-12-05 01:30:00,34790715.866871074
2025-12-08 01:30:00,34793711.68127839
2025-12-09 01:30:00,34793711.68127839
2025-12-10 01:30:00,34793711.68127839
2025-12-11 01:30:00,35392991.68127839
2025-12-12 01:30:00,35792511.68127839
2025-12-15 01:30:00,35794707.47469115
2025-12-16 01:30:00,35994467.47469115
2025-12-17 01:30:00,35994467.47469115
2025-12-18 01:30:00,35795691.26165129
2025-12-19 01:30:00,35995451.26165129
2025-12-22 01:30:00,35799254.93230186
2025-12-23 01:30:00,35799254.93230186
2025-12-24 01:30:00,35799254.93230186
2025-12-25 01:30:00,35592935.206261314
2025-12-26 01:30:00,35792695.206261314
2025-12-29 01:30:00,35396085.7852892
2025-12-30 01:30:00,34786216.17939475
2025-12-31 01:30:00,34786216.17939475
2026-01-05 01:30:00,35185736.17939475
2026-01-06 01:30:00,35385496.17939475
2026-01-07 01:30:00,35585256.17939475
2026-01-08 01:30:00,35585256.17939475
2026-01-09 01:30:00,35585256.17939475
2026-01-12 01:30:00,35785016.17939475
2026-01-13 01:30:00,35588018.46898936
2026-01-14 01:30:00,35588018.46898936
2026-01-15 01:30:00,35588018.46898936
2026-01-16 01:30:00,35787778.46898936
2026-01-19 01:30:00,35787778.46898936
2026-01-20 01:30:00,35585019.38170497
2026-01-21 01:30:00,36184299.38170497
2026-01-22 01:30:00,36177274.531741396
2026-01-23 01:30:00,36377034.531741396
2026-01-26 01:30:00,36167291.389239185
2026-01-27 01:30:00,36566811.389239185
2026-01-28 01:30:00,35948786.165615425
2026-01-29 01:30:00,36128074.708196506
2026-01-30 01:30:00,36329919.3097063
2026-02-02 01:30:00,36329658.22963417
2026-02-03 01:30:00,35930456.29851999
2026-02-04 01:30:00,35930456.29851999
2026-02-05 01:30:00,35930456.29851999
2026-02-06 01:30:00,35930456.29851999
2026-02-09 01:30:00,35930456.29851999
2026-02-10 01:30:00,35708438.12066109
2026-02-11 01:30:00,35708438.12066109
2026-02-12 01:30:00,35708438.12066109
2026-02-13 01:30:00,35908198.12066109
2026-02-24 01:30:00,35108525.35469236
2026-02-25 01:30:00,35508045.35469236
2026-02-26 01:30:00,35508045.35469236
2026-02-27 01:30:00,35707805.35469236
2026-03-02 01:30:00,36307085.35469236
2026-03-03 01:30:00,36105904.84487061
2026-03-04 01:30:00,36305664.84487061
2026-03-05 01:30:00,35896405.68453694
2026-03-06 01:30:00,35130749.87314585
2026-03-09 01:30:00,35330509.87314585
2026-03-10 01:30:00,35332842.86568779
2026-03-11 01:30:00,35732362.86568779
2026-03-12 01:30:00,35732362.86568779
2026-03-13 01:30:00,35932122.86568779
2026-03-16 01:30:00,35734734.979870684
2026-03-17 01:30:00,35734734.979870684
2026-03-18 01:30:00,35735655.98146583
2026-03-19 01:30:00,35735655.98146583
2026-03-20 01:30:00,35337268.34771962
2026-03-23 01:30:00,35736788.34771962
2026-03-24 01:30:00,35740629.21772829
2026-03-25 01:30:00,36140149.21772829
2026-03-26 01:30:00,35942316.0038803
2026-03-27 01:30:00,35942316.0038803
2026-03-30 01:30:00,35939501.36030134
2026-03-31 01:30:00,35747639.34136924
2026-04-01 01:30:00,35947399.34136924
2026-04-02 01:30:00,35945571.222320914
2026-04-03 01:30:00,36136018.051389284
2026-04-07 01:30:00,35934685.466202185
2026-04-08 01:30:00,36134445.466202185
2026-04-09 01:30:00,36134445.466202185
2026-04-10 01:30:00,36134445.466202185
2026-04-13 01:30:00,35740335.95611431
2026-04-14 01:30:00,35740335.95611431
2026-04-15 01:30:00,35740335.95611431
2026-04-16 01:30:00,35740335.95611431
2026-04-17 01:30:00,35941638.5529164
2026-04-20 01:30:00,35941638.5529164
2026-04-21 01:30:00,35941638.5529164
2026-04-22 01:30:00,35941638.5529164
2026-04-23 01:30:00,35945208.457298264
2026-04-24 01:30:00,35950939.575268194
2026-04-27 01:30:00,35552511.123399585
2026-04-28 01:30:00,35557315.11048171
2026-04-29 01:30:00,35757075.11048171
2026-04-30 01:30:00,35956835.11048171
2026-05-06 01:30:00,36156595.11048171
2026-05-07 01:30:00,35768842.086594895
2026-05-08 01:30:00,36168362.086594895
2026-05-11 01:30:00,35957794.22621194
2026-05-12 01:30:00,36157554.22621194
2026-05-13 01:30:00,36157554.22621194
2026-05-14 01:30:00,36157554.22621194
2026-05-15 01:30:00,36157554.22621194
2026-05-18 01:30:00,36157554.22621194
2026-05-19 01:30:00,36157554.22621194
2026-05-20 01:30:00,36153802.62476618
2026-05-21 01:30:00,36353562.62476618
2026-05-22 01:30:00,36553322.62476618
2026-05-25 01:30:00,36349446.03090575
2026-05-26 01:30:00,36948726.03090575
2026-05-27 01:30:00,36748193.23039938
2026-05-28 01:30:00,36743004.00489306
2026-05-29 01:30:00,36942764.00489306
2026-06-01 01:30:00,36953396.27738274
2026-06-02 01:30:00,36953396.27738274
2026-06-03 01:30:00,36953396.27738274
2026-06-04 01:30:00,36333715.23293559
2026-06-05 01:30:00,36533475.23293559
2026-06-08 01:30:00,36725091.85516463
2026-06-09 01:30:00,36924851.85516463
2026-06-10 01:30:00,37124611.85516463
2026-06-11 01:30:00,37124611.85516463
2026-06-12 01:30:00,37124611.85516463
2026-06-15 01:30:00,36926025.5160015
2026-06-16 01:30:00,36926025.5160015
2026-06-17 01:30:00,37125785.5160015
2026-06-18 01:30:00,37122556.417417735
2026-06-22 01:30:00,37122556.417417735
2026-06-23 01:30:00,37122556.417417735
2026-06-24 01:30:00,37122556.417417735
2026-06-25 01:30:00,37322316.417417735
2026-06-26 01:30:00,37522076.417417735
2026-06-29 01:30:00,37128741.27174197
2026-06-30 01:30:00,37328501.27174197
2026-07-01 01:30:00,37328501.27174197
2026-07-02 01:30:00,37328501.27174197
2026-07-03 01:30:00,36486688.28059681
2026-07-06 01:30:00,36486688.28059681
2026-07-07 01:30:00,36289824.45626722
2026-07-08 01:30:00,36489584.45626722
2026-07-09 01:30:00,36489584.45626722
2026-07-10 01:30:00,36489584.45626722
2026-07-13 01:30:00,36489584.45626722
2026-07-14 01:30:00,36489584.45626722
2026-07-15 01:30:00,36292453.386443526
2026-07-16 01:30:00,36083586.96443117
2026-07-17 01:30:00,36083586.96443117
2026-07-20 01:30:00,36283346.96443117
2026-07-21 01:30:00,36483106.96443117
2026-07-22 01:30:00,36682866.96443117
2026-07-23 01:30:00,36682866.96443117
2026-07-24 01:30:00,36682866.96443117
2026-07-27 01:30:00,36682866.96443117
2026-07-28 01:30:00,36484173.09706342
2026-07-29 01:30:00,36484173.09706342
2026-07-30 01:30:00,36484173.09706342
2026-07-31 01:30:00,36101394.21161458
2026-08-03 01:30:00,36101394.21161458
2026-08-04 01:30:00,35903736.48398298
2026-08-05 01:30:00,35903736.48398298
2026-08-06 01:30:00,35710481.24059407
2026-08-07 01:30:00,35710481.24059407
2026-08-10 01:30:00,35710481.24059407
2026-08-11 01:30:00,35710481.24059407
2026-08-12 01:30:00,35710481.24059407
2026-08-13 01:30:00,35710481.24059407
2026-08-14 01:30:00,35910241.24059407
2026-08-14 07:00:00,35910241.24059407
2026-08-14 07:00:01,35910241.24059407
2026-08-14 07:00:02,35910241.24059407
2026-08-14 07:00:03,35910241.24059407
2026-08-14 07:00:04,35910241.24059407
2026-08-14 07:00:05,35910241.24059407
