pair,entry_date,exit_date,direction,pnl
601288-601939,2016-01-12 01:30:00,2016-01-13 01:30:00,short,-1388.7541477107084
600011-600027,2016-01-12 01:30:00,2016-01-19 01:30:00,long,3315.0119953429817
600051-600854,2016-01-12 01:30:00,2016-01-22 01:30:00,short,9058.254495422305
600618-900908,2016-01-13 01:30:00,2016-01-27 01:30:00,long,6908.476998217741
600059-600616,2016-01-20 01:30:00,2016-01-28 01:30:00,long,7211.352724188542
601288-601398,2016-01-12 01:30:00,2016-02-01 01:30:00,short,-1022.6920941606759
600495-601002,2016-01-12 01:30:00,2016-02-01 01:30:00,long,-3833.8348139192276
600497-601958,2016-01-12 01:30:00,2016-02-01 01:30:00,long,6019.177708963802
600679-900916,2016-01-12 01:30:00,2016-02-01 01:30:00,long,15116.623995827522
600851-900917,2016-01-27 01:30:00,2016-02-01 01:30:00,long,7734.421827739675
600348-601699,2016-01-13 01:30:00,2016-02-02 01:30:00,long,-7015.763864456948
601288-601939,2016-01-14 01:30:00,2016-02-03 01:30:00,short,-4142.508420066512
600011-600027,2016-01-26 01:30:00,2016-02-15 01:30:00,short,2101.7402003476814
600199-600809,2016-01-26 01:30:00,2016-02-15 01:30:00,long,-3773.048429372705
600689-900922,2016-01-21 01:30:00,2016-02-15 01:30:00,long,13747.679383182789
600495-601002,2016-02-02 01:30:00,2016-02-22 01:30:00,long,-2321.2287528263632
600679-900916,2016-02-24 01:30:00,2016-02-29 01:30:00,short,9519.876516662274
600362-601168,2016-03-02 01:30:00,2016-03-07 01:30:00,short,-8583.379830666105
600497-601958,2016-03-01 01:30:00,2016-03-15 01:30:00,short,8605.895168311843
600011-600027,2016-03-09 01:30:00,2016-03-16 01:30:00,short,-4155.381489919502
600059-600616,2016-03-01 01:30:00,2016-03-21 01:30:00,short,5231.726337144397
600051-600854,2016-03-03 01:30:00,2016-03-23 01:30:00,long,1736.5785551404597
600362-601168,2016-03-08 01:30:00,2016-03-28 01:30:00,short,10525.621004613215
600108-600598,2016-03-24 01:30:00,2016-03-31 01:30:00,long,4075.3647921958755
601117-601668,2016-03-15 01:30:00,2016-04-05 01:30:00,long,4450.613509610662
600011-600027,2016-03-17 01:30:00,2016-04-06 01:30:00,short,332.6145683619675
600971-600997,2016-04-11 01:30:00,2016-04-12 01:30:00,short,-8683.653442911831
600063-600888,2016-04-13 01:30:00,2016-04-18 01:30:00,long,7155.649117944997
601788-601901,2016-04-01 01:30:00,2016-04-20 01:30:00,short,4417.193918323057
600029-600115,2016-04-19 01:30:00,2016-04-20 01:30:00,long,-5679.523644278077
600015-601166,2016-04-18 01:30:00,2016-04-21 01:30:00,long,-2394.8479984690484
600015-601166,2016-04-22 01:30:00,2016-04-25 01:30:00,long,-884.3209809335325
600056-600713,2016-04-15 01:30:00,2016-04-26 01:30:00,short,6830.345002929391
600272-900943,2016-04-18 01:30:00,2016-04-28 01:30:00,short,5754.980136679039
600056-600713,2016-04-28 01:30:00,2016-04-29 01:30:00,long,4626.420653563779
600757-601928,2016-04-25 01:30:00,2016-05-03 01:30:00,short,-7555.879483835623
600056-600511,2016-04-14 01:30:00,2016-05-04 01:30:00,short,-5072.089750217402
600029-600115,2016-04-21 01:30:00,2016-05-06 01:30:00,long,10602.844274905936
600022-600569,2016-04-21 01:30:00,2016-05-06 01:30:00,long,6237.301902647392
600757-601928,2016-05-04 01:30:00,2016-05-09 01:30:00,short,-4518.919741748851
600618-900908,2016-04-21 01:30:00,2016-05-09 01:30:00,short,4788.69548420937
600501-600855,2016-04-20 01:30:00,2016-05-10 01:30:00,long,3379.364525345958
600108-600598,2016-05-06 01:30:00,2016-05-11 01:30:00,long,-4571.479393316574
600063-600888,2016-04-25 01:30:00,2016-05-16 01:30:00,long,-6050.510103267427
601099-601377,2016-05-11 01:30:00,2016-05-23 01:30:00,short,2214.737527527207
600851-900917,2016-05-04 01:30:00,2016-05-24 01:30:00,short,-4967.988047987491
600056-600511,2016-05-05 01:30:00,2016-05-25 01:30:00,short,-6995.617121469772
600497-601958,2016-05-10 01:30:00,2016-05-30 01:30:00,long,-14556.847412226944
900911-900932,2016-05-23 01:30:00,2016-05-30 01:30:00,short,1409.4408506363015
600689-900922,2016-05-10 01:30:00,2016-05-30 01:30:00,long,2602.8361495766612
600757-601928,2016-05-10 01:30:00,2016-05-30 01:30:00,short,-9431.982094873787
600150-600685,2016-05-12 01:30:00,2016-06-01 01:30:00,short,1533.1155509515957
600059-600616,2016-05-12 01:30:00,2016-06-01 01:30:00,short,455.8096733885362
600108-600598,2016-05-12 01:30:00,2016-06-01 01:30:00,long,3456.6706450951147
600008-600874,2016-05-17 01:30:00,2016-06-03 01:30:00,short,5800.644066649285
600188-601225,2016-05-16 01:30:00,2016-06-06 01:30:00,long,6002.957334344364
600062-600196,2016-05-16 01:30:00,2016-06-06 01:30:00,short,-1042.805916749211
600362-601899,2016-06-13 01:30:00,2016-06-16 01:30:00,long,-6627.532708161847
600059-600616,2016-06-02 01:30:00,2016-06-22 01:30:00,short,1602.327773346295
600602-900901,2016-06-13 01:30:00,2016-06-22 01:30:00,long,3996.589583602863
600362-601899,2016-06-17 01:30:00,2016-06-24 01:30:00,long,-5485.349412176016
600051-600854,2016-06-08 01:30:00,2016-06-28 01:30:00,long,2878.9963338967423
601555-601788,2016-06-13 01:30:00,2016-07-04 01:30:00,short,-4653.266548502073
600679-900916,2016-06-13 01:30:00,2016-07-04 01:30:00,long,1878.5434371658457
600396-900937,2016-06-20 01:30:00,2016-07-04 01:30:00,short,1639.0632666959616
600362-601899,2016-06-27 01:30:00,2016-07-04 01:30:00,long,9132.26579073366
600495-601002,2016-02-29 01:30:00,2016-07-11 01:30:00,long,-2356.703213151175
600038-600372,2016-07-05 01:30:00,2016-07-11 01:30:00,short,4570.780694619075
600004-600009,2016-06-20 01:30:00,2016-07-11 01:30:00,short,-3630.0617465518967
600489-600547,2016-07-11 01:30:00,2016-07-12 01:30:00,short,-2201.4144999146483
600029-600115,2016-07-11 01:30:00,2016-07-13 01:30:00,short,-7863.264581122184
600362-601168,2016-07-11 01:30:00,2016-07-13 01:30:00,short,-9363.594966666538
600623-900909,2016-06-24 01:30:00,2016-07-14 01:30:00,long,2726.2782484624686
600128-600287,2016-07-13 01:30:00,2016-07-20 01:30:00,short,12197.070299102419
600017-600125,2016-07-01 01:30:00,2016-07-21 01:30:00,long,-6957.874706197191
600037-600959,2016-07-20 01:30:00,2016-07-25 01:30:00,short,-3571.4740577957737
600362-601168,2016-07-14 01:30:00,2016-07-25 01:30:00,short,25068.371511251782
600717-601333,2016-07-07 01:30:00,2016-07-27 01:30:00,short,-2726.681468708983
600128-600981,2016-07-13 01:30:00,2016-07-27 01:30:00,short,7757.829922350034
600178-600698,2016-07-14 01:30:00,2016-07-27 01:30:00,short,4710.590269770964
600037-600959,2016-07-26 01:30:00,2016-07-28 01:30:00,short,-3617.2299990345027
600679-900916,2016-07-27 01:30:00,2016-07-29 01:30:00,short,6218.004113546093
600971-600997,2016-07-28 01:30:00,2016-08-01 01:30:00,long,5835.8353288393555
600028-601857,2016-07-12 01:30:00,2016-08-01 01:30:00,short,-1180.6843099993214
600489-600547,2016-07-13 01:30:00,2016-08-02 01:30:00,short,6147.436263375457
600229-601999,2016-07-13 01:30:00,2016-08-02 01:30:00,long,211.03669334143706
600029-600115,2016-07-14 01:30:00,2016-08-03 01:30:00,short,-845.2742152734332
600642-600795,2016-07-27 01:30:00,2016-08-03 01:30:00,short,-2553.081818107897
600108-600598,2016-07-25 01:30:00,2016-08-04 01:30:00,long,3112.4591032382236
601788-601901,2016-07-18 01:30:00,2016-08-08 01:30:00,short,63.36723178987995
600602-900901,2016-08-02 01:30:00,2016-08-08 01:30:00,short,-6727.444076586682
600851-900917,2016-07-22 01:30:00,2016-08-11 01:30:00,long,1150.2539431397838
601318-601336,2016-07-25 01:30:00,2016-08-15 01:30:00,short,8669.111700182015
600059-600616,2016-08-03 01:30:00,2016-08-15 01:30:00,long,2670.23067811073
600618-900908,2016-08-08 01:30:00,2016-08-18 01:30:00,short,5320.755927120087
600037-600959,2016-07-29 01:30:00,2016-08-18 01:30:00,short,-3461.4245823185906
600776-900941,2016-08-09 01:30:00,2016-08-18 01:30:00,short,-6227.617835298509
600027-600795,2016-08-01 01:30:00,2016-08-22 01:30:00,short,356.2175807057289
600776-900941,2016-08-19 01:30:00,2016-08-22 01:30:00,short,-8749.189276094537
600178-600698,2016-08-08 01:30:00,2016-08-22 01:30:00,short,-4961.545080494974
600776-900941,2016-08-23 01:30:00,2016-08-24 01:30:00,short,-2195.2614496637343
600178-600698,2016-08-23 01:30:00,2016-08-24 01:30:00,short,-11683.354871526393
600008-601158,2016-08-08 01:30:00,2016-08-25 01:30:00,long,2432.960293968316
600008-600874,2016-08-25 01:30:00,2016-08-29 01:30:00,short,2602.1485118155842
600602-900901,2016-08-09 01:30:00,2016-08-29 01:30:00,short,1200.7016723454822
600123-600997,2016-08-11 01:30:00,2016-08-31 01:30:00,long,1911.668271992285
600059-600616,2016-08-29 01:30:00,2016-09-02 01:30:00,short,2100.5029977573718
600971-600997,2016-08-16 01:30:00,2016-09-05 01:30:00,long,-980.1892673826628
600008-600874,2016-09-06 01:30:00,2016-09-07 01:30:00,short,-6426.498137119361
600008-600874,2016-09-08 01:30:00,2016-09-09 01:30:00,short,12037.715261666111
600495-601002,2016-09-09 01:30:00,2016-09-12 01:30:00,long,-4995.723774026661
600008-600874,2016-09-12 01:30:00,2016-09-13 01:30:00,long,-4781.599758169954
600108-600598,2016-09-08 01:30:00,2016-09-14 01:30:00,short,-4595.639735806231
600679-900916,2016-08-25 01:30:00,2016-09-14 01:30:00,short,1099.720658994105
601788-601901,2016-09-05 01:30:00,2016-09-26 01:30:00,long,16.14180931189094
600971-600997,2016-09-06 01:30:00,2016-09-26 01:30:00,long,-10849.293233979637
600038-600372,2016-09-06 01:30:00,2016-09-26 01:30:00,short,-681.1098941621385
600495-601002,2016-09-13 01:30:00,2016-10-10 01:30:00,long,789.338466308649
600108-600598,2016-09-19 01:30:00,2016-10-10 01:30:00,short,2316.02420169421
600348-601699,2016-09-13 01:30:00,2016-10-10 01:30:00,long,-5200.203449243616
600618-900908,2016-09-12 01:30:00,2016-10-10 01:30:00,long,1996.8647109542753
600008-600874,2016-09-14 01:30:00,2016-10-10 01:30:00,long,1506.5522248605787
600613-900904,2016-10-17 01:30:00,2016-10-21 01:30:00,short,-2623.593836945388
601390-601800,2016-10-21 01:30:00,2016-10-24 01:30:00,long,-2819.0248055193106
600022-600307,2016-10-21 01:30:00,2016-11-10 01:30:00,long,-76.7326947878746
600089-601179,2016-10-21 01:30:00,2016-11-10 01:30:00,long,-2179.8801149665906
601788-601901,2016-11-11 01:30:00,2016-11-14 01:30:00,long,-4395.956882056828
600391-600893,2016-11-09 01:30:00,2016-11-15 01:30:00,long,4414.667279765303
600030-600999,2016-11-10 01:30:00,2016-11-21 01:30:00,long,514.9030077275986
600023-600795,2016-11-16 01:30:00,2016-11-21 01:30:00,short,5933.832585919131
600674-600886,2016-11-17 01:30:00,2016-11-23 01:30:00,short,1814.2550932215509
600015-601818,2016-11-03 01:30:00,2016-11-23 01:30:00,short,-6104.7705304822075
601328-601988,2016-11-23 01:30:00,2016-11-28 01:30:00,short,2228.7162570824134
600089-601179,2016-11-11 01:30:00,2016-12-01 01:30:00,long,457.7638759699439
600030-600999,2016-11-29 01:30:00,2016-12-02 01:30:00,short,467.2565920192069
600023-600795,2016-11-22 01:30:00,2016-12-02 01:30:00,long,-2628.348867701373
600618-900908,2016-11-24 01:30:00,2016-12-02 01:30:00,short,5256.274456251942
601788-601901,2016-11-15 01:30:00,2016-12-05 01:30:00,long,4622.16755018459
600765-600893,2016-12-02 01:30:00,2016-12-07 01:30:00,short,-5095.447141336057
600010-600111,2016-12-07 01:30:00,2016-12-13 01:30:00,short,2363.6538619414514
600765-600893,2016-12-08 01:30:00,2016-12-14 01:30:00,short,4951.243194025246
600348-601699,2016-11-25 01:30:00,2016-12-15 01:30:00,long,5187.716363966238
600391-600893,2016-12-12 01:30:00,2016-12-19 01:30:00,long,2868.917604952303
600026-601872,2016-12-12 01:30:00,2016-12-19 01:30:00,short,-4826.739082670646
600436-600993,2016-12-14 01:30:00,2016-12-23 01:30:00,short,3164.880356219752
600023-600795,2016-12-05 01:30:00,2016-12-26 01:30:00,long,-1050.7410762143459
600611-600650,2016-12-26 01:30:00,2016-12-29 01:30:00,short,1643.3136823260247
601390-601800,2016-10-25 01:30:00,2017-01-05 01:30:00,long,-4463.9900545952005
601318-601336,2016-08-23 01:30:00,2017-01-05 01:30:00,short,-2445.7080190816932
600272-900943,2016-08-29 01:30:00,2017-01-05 01:30:00,short,1617.3096128000434
600776-900941,2016-08-25 01:30:00,2017-01-05 01:30:00,short,9359.143820526318
600698-900946,2017-01-05 01:30:00,2017-01-06 01:30:00,short,-9151.38222627922
600495-601002,2017-01-06 01:30:00,2017-01-09 01:30:00,short,-6947.0535260214365
600026-601872,2016-12-20 01:30:00,2017-01-09 01:30:00,short,-580.7280858934564
600698-900946,2017-01-09 01:30:00,2017-01-10 01:30:00,short,-329.49519690432
600822-900927,2017-01-05 01:30:00,2017-01-13 01:30:00,short,10268.449227107107
600765-600893,2017-01-09 01:30:00,2017-01-17 01:30:00,short,3984.3360257625855
600618-900908,2017-01-06 01:30:00,2017-01-26 01:30:00,short,9490.420092662218
600495-601002,2017-01-10 01:30:00,2017-02-03 01:30:00,short,-3288.22172417574
600698-900946,2017-01-11 01:30:00,2017-02-03 01:30:00,short,-6872.477978828272
600348-601699,2017-01-16 01:30:00,2017-02-06 01:30:00,long,-2671.380393065283
601088-601898,2017-01-16 01:30:00,2017-02-06 01:30:00,short,4141.4754195728965
600776-900941,2017-01-16 01:30:00,2017-02-06 01:30:00,long,3743.198059741495
601390-601800,2017-01-19 01:30:00,2017-02-08 01:30:00,long,-1761.8234337343117
601328-601988,2017-02-13 01:30:00,2017-02-17 01:30:00,long,610.0847000124159
600089-601179,2017-02-14 01:30:00,2017-02-20 01:30:00,short,-1685.9430831649754
600123-600971,2017-02-13 01:30:00,2017-02-28 01:30:00,long,4571.886894622497
600061-601198,2017-02-13 01:30:00,2017-03-03 01:30:00,short,817.1311394048225
601390-601800,2017-02-13 01:30:00,2017-03-06 01:30:00,long,806.1060133071551
600674-600886,2017-02-15 01:30:00,2017-03-07 01:30:00,long,-1221.1647261364142
600010-600111,2017-02-16 01:30:00,2017-03-08 01:30:00,short,-2778.606650995224
601398-601988,2017-03-14 01:30:00,2017-03-16 01:30:00,short,1426.9711610527297
600428-601919,2017-03-24 01:30:00,2017-03-29 01:30:00,short,-6088.611220770606
601288-601988,2017-03-27 01:30:00,2017-04-05 01:30:00,short,-1692.165113715635
601288-601988,2017-04-06 01:30:00,2017-04-07 01:30:00,short,-1525.2623718920468
600446-600570,2017-03-30 01:30:00,2017-04-10 01:30:00,long,1965.4206010196376
600428-601919,2017-03-30 01:30:00,2017-04-10 01:30:00,short,8107.546159131161
600547-600988,2017-04-14 01:30:00,2017-04-20 01:30:00,long,8660.936561569797
600446-600570,2017-04-17 01:30:00,2017-04-20 01:30:00,short,-6074.0539601191695
600446-600570,2017-04-21 01:30:00,2017-04-24 01:30:00,short,-4267.0929939874495
600428-601919,2017-04-12 01:30:00,2017-04-24 01:30:00,short,7343.366159021998
600348-601699,2017-04-17 01:30:00,2017-04-26 01:30:00,short,-1458.4668697753987
600061-601198,2017-04-11 01:30:00,2017-04-27 01:30:00,short,-1977.2127812147783
600391-600893,2017-04-11 01:30:00,2017-05-02 01:30:00,long,-5295.186057096134
600022-600569,2016-08-15 01:30:00,2017-05-09 01:30:00,long,4694.277515843235
601555-601788,2017-05-09 01:30:00,2017-05-10 01:30:00,long,-969.4833415757287
601555-601788,2017-05-11 01:30:00,2017-05-23 01:30:00,long,-5337.052106459425
600030-600999,2017-05-09 01:30:00,2017-05-25 01:30:00,long,-1449.5873659636336
601328-601988,2017-05-10 01:30:00,2017-05-31 01:30:00,long,-16.83297794970531
600391-600893,2017-05-08 01:30:00,2017-06-08 01:30:00,long,3877.106135434031
601939-601988,2017-04-19 01:30:00,2017-06-08 01:30:00,short,-3705.656872614568
600446-600570,2017-04-25 01:30:00,2017-06-08 01:30:00,short,37674.68173257095
601555-601788,2017-05-24 01:30:00,2017-06-13 01:30:00,long,53.01329611203391
600446-600570,2017-06-09 01:30:00,2017-06-29 01:30:00,long,-9071.42999594105
600030-600999,2017-06-26 01:30:00,2017-07-17 01:30:00,short,1938.4624772069728
601939-601988,2017-07-14 01:30:00,2017-07-17 01:30:00,long,-204.57184555591994
601688-601788,2017-07-10 01:30:00,2017-07-31 01:30:00,short,-6916.711398443587
601328-601988,2017-08-03 01:30:00,2017-08-08 01:30:00,long,-1855.1942727445899
601328-601988,2017-08-09 01:30:00,2017-08-29 01:30:00,long,-3542.9546570868815
600030-600999,2017-09-29 01:30:00,2017-10-19 01:30:00,long,3779.1028452028386
601288-601398,2017-10-09 01:30:00,2017-10-30 01:30:00,long,-4158.2836230005905
600489-600988,2017-07-19 01:30:00,2017-11-02 01:30:00,short,4812.5958284251565
600348-601699,2017-05-08 01:30:00,2017-11-02 01:30:00,long,-14939.921654637234
600679-900916,2016-09-23 01:30:00,2017-11-02 01:30:00,short,-26386.06135711448
600030-600999,2017-11-08 01:30:00,2017-11-22 01:30:00,short,-4449.1154648073125
601186-601390,2016-08-22 01:30:00,2017-11-30 01:30:00,long,12851.646521731345
600679-900916,2017-11-20 01:30:00,2017-12-11 01:30:00,short,-7676.185682389047
601398-601939,2017-11-30 01:30:00,2017-12-20 01:30:00,long,-1356.1442399873358
600583-601808,2016-07-05 01:30:00,2018-01-26 01:30:00,short,7570.391981787061
601186-601800,2018-01-24 01:30:00,2018-01-29 01:30:00,short,2863.8082257424594
600348-601666,2018-01-30 01:30:00,2018-01-31 01:30:00,short,-5776.544783009528
600348-601666,2018-02-01 01:30:00,2018-02-02 01:30:00,short,-1162.5985983742157
601186-601800,2018-02-06 01:30:00,2018-02-09 01:30:00,long,-900.8865992042884
600348-601666,2018-02-05 01:30:00,2018-02-26 01:30:00,short,-7932.1031709680165
600372-600391,2018-03-06 01:30:00,2018-03-09 01:30:00,short,8760.097832763495
600848-900928,2018-03-02 01:30:00,2018-03-22 01:30:00,short,-4546.433132058905
600372-600391,2018-03-21 01:30:00,2018-03-23 01:30:00,short,-8337.07982403522
600679-900916,2017-12-12 01:30:00,2018-03-30 01:30:00,short,6308.558019681179
600123-600971,2018-04-26 01:30:00,2018-05-03 01:30:00,long,7383.991850139639
600822-900927,2018-06-11 01:30:00,2018-06-15 01:30:00,long,2044.4454890002207
601328-601988,2018-05-30 01:30:00,2018-06-19 01:30:00,long,456.1014997078846
601328-601988,2018-06-25 01:30:00,2018-06-26 01:30:00,long,-902.5569818624242
600822-900927,2018-07-05 01:30:00,2018-07-10 01:30:00,long,5990.379858122956
600626-600630,2018-07-05 01:30:00,2018-07-25 01:30:00,short,-5039.711759001511
600489-600547,2017-04-07 01:30:00,2018-07-27 01:30:00,short,10720.91811895444
600583-601808,2018-06-20 01:30:00,2018-07-27 01:30:00,long,2605.800045568246
600320-900947,2018-03-26 01:30:00,2018-07-27 01:30:00,long,-6423.479854259616
600776-900941,2018-08-02 01:30:00,2018-08-13 01:30:00,long,6986.69069797494
600822-900927,2018-07-30 01:30:00,2018-08-15 01:30:00,short,3002.1431107576554
601328-601988,2018-06-27 01:30:00,2018-08-24 01:30:00,long,1243.3112998793831
600489-600547,2018-08-06 01:30:00,2018-08-27 01:30:00,short,-1013.6067872798858
600583-601808,2018-08-23 01:30:00,2018-08-27 01:30:00,short,-2754.2911844142263
600320-900947,2018-08-14 01:30:00,2018-09-03 01:30:00,long,-2019.0666818374211
600111-600259,2018-08-24 01:30:00,2018-09-13 01:30:00,short,-2333.1339749815743
600776-900941,2018-09-11 01:30:00,2018-09-14 01:30:00,long,3154.8504283011584
600583-601808,2018-08-28 01:30:00,2018-09-17 01:30:00,short,-362.1473122432708
600848-900928,2018-10-10 01:30:00,2018-10-11 01:30:00,long,18599.08771178973
600751-900938,2018-09-28 01:30:00,2018-10-11 01:30:00,short,-2668.8813218035502
600015-601169,2018-09-21 01:30:00,2018-10-11 01:30:00,short,1395.8844500674659
600848-900928,2018-10-12 01:30:00,2018-10-15 01:30:00,short,-3517.4641645114534
600848-900928,2018-10-16 01:30:00,2018-10-17 01:30:00,short,-1533.8644670497451
600776-900941,2018-09-27 01:30:00,2018-10-17 01:30:00,long,-1150.8405530693199
600320-900947,2018-10-16 01:30:00,2018-10-18 01:30:00,short,-1383.0076637453503
600751-900938,2018-10-12 01:30:00,2018-10-25 01:30:00,long,-7075.841391938377
600030-600999,2017-11-23 01:30:00,2018-10-29 01:30:00,short,-22324.63857496417
601318-601601,2016-04-08 01:30:00,2018-10-29 01:30:00,long,72098.56708235278
600751-900938,2018-10-26 01:30:00,2018-11-05 01:30:00,long,7098.4149021794865
600844-900921,2018-10-29 01:30:00,2018-11-05 01:30:00,long,1260.8297095993817
600369-601555,2018-10-30 01:30:00,2018-11-08 01:30:00,short,6665.435592454878
601328-601988,2018-10-25 01:30:00,2018-11-14 01:30:00,short,-1026.9241588553214
600844-900921,2018-11-07 01:30:00,2018-11-15 01:30:00,long,-5248.995116122691
600030-600999,2018-10-30 01:30:00,2018-11-19 01:30:00,short,7172.135501155964
600908-603323,2018-10-18 01:30:00,2018-11-26 01:30:00,long,1746.2217385567146
600489-600547,2018-11-20 01:30:00,2018-11-26 01:30:00,long,5688.91585439933
600776-900941,2018-11-26 01:30:00,2018-11-28 01:30:00,short,1640.3361799772629
600844-900921,2018-11-16 01:30:00,2018-11-29 01:30:00,long,-7661.850192123869
600776-900941,2018-11-29 01:30:00,2018-12-19 01:30:00,short,-19914.206421323597
600844-900921,2018-11-30 01:30:00,2018-12-20 01:30:00,long,-5308.997092600926
601398-601939,2017-12-21 01:30:00,2018-12-24 01:30:00,long,188.8130346629041
600111-600259,2018-10-08 01:30:00,2018-12-24 01:30:00,long,1191.7623402024983
600015-601169,2018-12-05 01:30:00,2018-12-25 01:30:00,long,794.7990791181064
600822-900927,2018-12-07 01:30:00,2018-12-27 01:30:00,long,-5668.597833377908
601328-601988,2018-12-24 01:30:00,2018-12-28 01:30:00,long,2271.4419289693287
600231-600569,2019-01-02 01:30:00,2019-01-09 01:30:00,long,2321.693481471003
600030-600999,2019-01-04 01:30:00,2019-01-10 01:30:00,long,7764.4714895005945
601318-601601,2018-12-28 01:30:00,2019-01-10 01:30:00,long,3698.410232934454
601398-601939,2018-12-25 01:30:00,2019-01-14 01:30:00,short,512.0639180895521
600015-600016,2018-12-24 01:30:00,2019-01-14 01:30:00,short,146.31319438721346
600822-900927,2018-12-28 01:30:00,2019-01-17 01:30:00,long,2642.877174734994
601001-601666,2018-12-28 01:30:00,2019-01-17 01:30:00,long,-4487.673270138574
600844-900921,2018-12-21 01:30:00,2019-01-23 01:30:00,long,7238.784071534664
601336-601601,2018-12-10 01:30:00,2019-01-23 01:30:00,short,5329.527297848617
600348-601699,2017-11-14 01:30:00,2019-01-23 01:30:00,long,-2264.1846864208783
600015-601169,2019-01-28 01:30:00,2019-02-13 01:30:00,long,1651.1399115407453
601336-601601,2019-01-24 01:30:00,2019-02-13 01:30:00,long,1942.2264349653742
600751-900938,2019-01-28 01:30:00,2019-02-18 01:30:00,long,2096.7834553994207
600109-601555,2019-02-13 01:30:00,2019-02-19 01:30:00,short,5653.486735101126
600822-900927,2019-01-31 01:30:00,2019-02-20 01:30:00,long,6942.305275831071
600111-600259,2019-01-31 01:30:00,2019-02-20 01:30:00,short,6813.956574421427
600369-601375,2019-02-18 01:30:00,2019-02-25 01:30:00,short,-10057.492898998838
600030-600999,2019-02-13 01:30:00,2019-02-25 01:30:00,short,-3511.2231306190697
600751-900938,2019-02-26 01:30:00,2019-03-05 01:30:00,long,27325.910845686823
600015-600016,2019-02-26 01:30:00,2019-03-18 01:30:00,long,328.0625571935311
600231-600569,2019-02-25 01:30:00,2019-03-18 01:30:00,short,2139.7151695542516
601336-601601,2019-02-27 01:30:00,2019-03-19 01:30:00,short,-7195.319497428412
600109-601555,2019-04-04 01:30:00,2019-04-08 01:30:00,long,-3280.65894145913
601398-601939,2019-03-20 01:30:00,2019-04-09 01:30:00,long,-10.761185395513621
600438-601012,2019-04-02 01:30:00,2019-04-12 01:30:00,short,5352.357187706521
601088-601225,2019-03-26 01:30:00,2019-04-15 01:30:00,long,-3000.076696775816
600917-603689,2019-04-11 01:30:00,2019-04-15 01:30:00,short,-3424.738247882372
600231-600569,2019-03-25 01:30:00,2019-04-15 01:30:00,short,-1244.560198243837
600015-601169,2019-03-27 01:30:00,2019-04-16 01:30:00,short,-641.5366968035642
600917-603689,2019-04-16 01:30:00,2019-04-17 01:30:00,short,-15270.828640791824
600109-601555,2019-04-11 01:30:00,2019-04-26 01:30:00,long,-12344.260342661159
600015-600016,2019-05-06 01:30:00,2019-05-07 01:30:00,long,-1969.0654464760014
600438-601012,2019-04-26 01:30:00,2019-05-16 01:30:00,short,-3902.755417645747
600628-600838,2019-05-09 01:30:00,2019-05-21 01:30:00,short,1994.380890220893
600109-601555,2019-05-06 01:30:00,2019-05-27 01:30:00,long,2372.6855081015415
600919-600926,2019-05-07 01:30:00,2019-05-27 01:30:00,short,-2889.7955944754144
600015-600016,2019-05-08 01:30:00,2019-05-28 01:30:00,long,179.9358389415304
601088-601225,2019-05-08 01:30:00,2019-05-28 01:30:00,long,-5274.6202634786505
600048-600383,2019-05-09 01:30:00,2019-05-29 01:30:00,long,-1173.6572128147259
600489-600547,2018-12-05 01:30:00,2019-05-30 01:30:00,long,-8716.33541628191
600030-600999,2019-02-26 01:30:00,2019-05-30 01:30:00,short,490.3638065291525
600844-900921,2019-02-26 01:30:00,2019-05-30 01:30:00,long,9120.18991519698
600089-601179,2017-02-21 01:30:00,2019-05-30 01:30:00,short,-11520.97621293908
601398-601939,2019-05-23 01:30:00,2019-06-10 01:30:00,short,1916.8408091429624
600623-900909,2019-06-05 01:30:00,2019-06-20 01:30:00,short,255.34926418964278
601398-601939,2019-06-19 01:30:00,2019-06-21 01:30:00,long,1501.3193570475296
600844-900921,2019-06-17 01:30:00,2019-06-25 01:30:00,long,26299.32430038328
600369-601375,2019-02-26 01:30:00,2019-06-28 01:30:00,short,-169.88280689356725
600348-601699,2019-03-25 01:30:00,2019-06-28 01:30:00,short,7406.148268620516
600369-601375,2019-07-05 01:30:00,2019-07-08 01:30:00,long,-3882.0447049705745
600221-900945,2019-06-19 01:30:00,2019-07-09 01:30:00,short,-3073.9568339678776
600369-601375,2019-07-09 01:30:00,2019-07-10 01:30:00,long,2700.326107294863
600628-600838,2019-07-26 01:30:00,2019-07-29 01:30:00,short,-2094.274796088713
600628-600838,2019-07-30 01:30:00,2019-07-31 01:30:00,short,-1968.8365744667547
600611-900903,2019-07-18 01:30:00,2019-08-02 01:30:00,long,1693.8468668807736
600089-601179,2019-07-31 01:30:00,2019-08-06 01:30:00,short,773.9854651543828
601398-601939,2019-07-18 01:30:00,2019-08-07 01:30:00,long,-845.342824889809
601398-601939,2019-08-08 01:30:00,2019-08-14 01:30:00,long,2301.9769727232283
600569-600581,2019-07-26 01:30:00,2019-08-15 01:30:00,long,1632.8091665164175
600438-601012,2019-07-26 01:30:00,2019-08-15 01:30:00,long,-4942.481363870228
600628-600838,2019-08-01 01:30:00,2019-08-21 01:30:00,short,-67.13974868486684
600348-601666,2018-02-27 01:30:00,2019-08-23 01:30:00,short,-4368.02806824541
600048-600383,2019-07-19 01:30:00,2019-08-23 01:30:00,short,-4103.567498228538
600022-600307,2019-08-07 01:30:00,2019-08-27 01:30:00,long,-795.821443549951
600022-600307,2019-08-29 01:30:00,2019-09-02 01:30:00,long,-2344.905696128244
600089-601179,2019-08-27 01:30:00,2019-09-02 01:30:00,long,-4218.227751298862
600030-600999,2019-09-03 01:30:00,2019-09-05 01:30:00,short,156.01774816946545
600089-601179,2019-09-03 01:30:00,2019-09-19 01:30:00,long,3008.4424547934295
601186-601390,2017-12-21 01:30:00,2019-09-23 01:30:00,long,14400.084049253861
600030-600999,2019-09-09 01:30:00,2019-09-30 01:30:00,long,-831.1696112550198
600089-601179,2019-09-23 01:30:00,2019-09-30 01:30:00,long,3219.0192111715496
600611-900903,2019-09-24 01:30:00,2019-10-14 01:30:00,long,633.0884729615485
601398-601939,2019-10-14 01:30:00,2019-10-25 01:30:00,short,-3007.664522949542
600030-600999,2019-10-15 01:30:00,2019-10-30 01:30:00,long,508.9925058830554
600089-601179,2019-10-16 01:30:00,2019-11-04 01:30:00,long,2853.1678494032913
600219-601600,2019-10-29 01:30:00,2019-11-18 01:30:00,short,-3300.1812587300974
600611-600650,2019-11-11 01:30:00,2019-12-02 01:30:00,short,-353.2629021240816
600908-603323,2018-12-12 01:30:00,2020-01-21 01:30:00,long,11465.827742668836
600089-601179,2019-12-04 01:30:00,2020-01-21 01:30:00,long,1759.9977197312846
600008-600874,2019-10-08 01:30:00,2020-01-21 01:30:00,short,8572.37422452954
600030-600999,2020-01-15 01:30:00,2020-02-04 01:30:00,long,-3337.214618738226
688022-688033,2020-01-21 01:30:00,2020-02-04 01:30:00,short,-19471.84918877977
600348-601666,2020-01-21 01:30:00,2020-02-10 01:30:00,long,-134.92612616816223
600008-600874,2020-02-03 01:30:00,2020-02-10 01:30:00,long,2702.86260288668
600908-603323,2020-02-03 01:30:00,2020-02-12 01:30:00,long,1213.9872576603902
600908-601577,2020-02-03 01:30:00,2020-02-12 01:30:00,long,303.0766851289627
600611-600650,2020-02-03 01:30:00,2020-02-14 01:30:00,long,2483.8455606067077
688022-688033,2020-02-05 01:30:00,2020-02-25 01:30:00,short,8559.154179917035
600089-601179,2020-02-12 01:30:00,2020-02-26 01:30:00,short,3289.7296130056748
600008-600874,2020-02-24 01:30:00,2020-03-09 01:30:00,short,4559.070590331354
600089-601179,2020-03-09 01:30:00,2020-03-11 01:30:00,long,4077.9087348402163
600522-601869,2020-03-05 01:30:00,2020-03-12 01:30:00,short,-2531.601194666522
600611-600650,2020-03-12 01:30:00,2020-03-13 01:30:00,long,635.6436740049805
600054-600138,2020-02-27 01:30:00,2020-03-13 01:30:00,short,2455.356967509014
600908-603323,2020-02-26 01:30:00,2020-03-16 01:30:00,short,374.2514503079701
600522-601869,2020-03-13 01:30:00,2020-03-17 01:30:00,short,-8219.79319511182
600089-601179,2020-03-16 01:30:00,2020-03-18 01:30:00,long,-17880.588790502992
600016-601169,2020-02-28 01:30:00,2020-03-19 01:30:00,long,1295.0436015144805
600919-600926,2020-02-28 01:30:00,2020-03-19 01:30:00,long,3559.1258568736002
600522-601869,2020-03-18 01:30:00,2020-03-19 01:30:00,short,-4684.369712156022
600782-601003,2020-02-28 01:30:00,2020-03-19 01:30:00,long,-6781.80242819916
600751-900938,2019-03-11 01:30:00,2020-03-25 01:30:00,short,171.13090616472982
600845-900926,2019-10-08 01:30:00,2020-03-25 01:30:00,short,-13891.66604107168
601577-603323,2020-03-09 01:30:00,2020-03-30 01:30:00,long,2801.1696543275893
600611-600650,2020-03-16 01:30:00,2020-03-31 01:30:00,long,3911.617281410534
600054-600138,2020-03-20 01:30:00,2020-04-09 01:30:00,short,-9341.422825421207
600259-600392,2020-04-01 01:30:00,2020-04-14 01:30:00,long,4333.00537879776
600030-600999,2020-04-02 01:30:00,2020-04-16 01:30:00,long,5148.294821179142
600611-600650,2020-04-01 01:30:00,2020-04-20 01:30:00,short,816.5217537042076
600908-601577,2020-02-25 01:30:00,2020-04-23 01:30:00,short,-2602.0520208103535
601186-601390,2019-10-17 01:30:00,2020-04-23 01:30:00,short,-3991.0125556976263
600219-601600,2019-11-20 01:30:00,2020-04-23 01:30:00,short,-11466.17336923309
601186-601800,2018-02-12 01:30:00,2020-04-23 01:30:00,long,32497.87853121262
600048-600383,2019-09-18 01:30:00,2020-04-23 01:30:00,short,-478.40157802671547
601336-601601,2019-03-20 01:30:00,2020-04-23 01:30:00,short,7490.417651475295
600717-601333,2016-07-29 01:30:00,2020-04-23 01:30:00,short,-4569.4002306963375
600598-601952,2020-04-27 01:30:00,2020-04-28 01:30:00,long,7974.279675328573
600348-601001,2020-04-29 01:30:00,2020-04-30 01:30:00,long,-1811.263295260557
600604-900902,2020-04-27 01:30:00,2020-04-30 01:30:00,short,-686.6305259760957
603000-603888,2020-04-30 01:30:00,2020-05-06 01:30:00,short,-1968.7664891042295
600348-601001,2020-05-06 01:30:00,2020-05-07 01:30:00,long,-43.064271636137335
600348-601001,2020-05-08 01:30:00,2020-05-11 01:30:00,long,-2184.193599843068
600717-601228,2020-04-28 01:30:00,2020-05-12 01:30:00,long,1518.6763674013584
600604-900902,2020-05-07 01:30:00,2020-05-12 01:30:00,short,-1956.8219716305184
600048-600383,2020-04-24 01:30:00,2020-05-14 01:30:00,short,39.63019806885495
600604-900902,2020-05-13 01:30:00,2020-05-18 01:30:00,short,7563.849548922026
600348-601699,2020-04-28 01:30:00,2020-05-18 01:30:00,long,134.29372324409042
600123-600997,2020-04-29 01:30:00,2020-05-19 01:30:00,long,-2496.4310937306454
600845-900926,2020-04-29 01:30:00,2020-05-19 01:30:00,short,-9832.766044835655
603000-603888,2020-05-07 01:30:00,2020-05-22 01:30:00,short,-308.55407510777513
600282-600782,2018-10-11 01:30:00,2020-05-26 01:30:00,long,6800.4813997207
600348-601699,2020-05-28 01:30:00,2020-06-01 01:30:00,short,3757.799440722899
601186-601390,2020-05-25 01:30:00,2020-06-15 01:30:00,long,-1652.6478621081433
600259-600392,2020-05-28 01:30:00,2020-06-15 01:30:00,short,730.6942208455184
600717-601228,2020-05-28 01:30:00,2020-06-17 01:30:00,short,155.9723958210211
600282-600782,2020-06-16 01:30:00,2020-06-17 01:30:00,short,-9822.969926846625
600282-600782,2020-06-18 01:30:00,2020-06-19 01:30:00,short,-525.2713441526757
600908-603323,2020-06-03 01:30:00,2020-06-23 01:30:00,short,1868.7329957305333
601328-601988,2019-01-09 01:30:00,2020-06-23 01:30:00,short,10318.804065182081
600751-900938,2020-05-07 01:30:00,2020-06-23 01:30:00,short,-8817.612447551532
600030-600999,2020-06-24 01:30:00,2020-06-29 01:30:00,long,-5208.033646631167
600219-601600,2020-07-01 01:30:00,2020-07-02 01:30:00,short,-316.0804147085928
601577-603323,2020-07-02 01:30:00,2020-07-06 01:30:00,short,2190.9250304147045
600908-603323,2020-07-02 01:30:00,2020-07-06 01:30:00,short,1722.4617195262163
600219-601600,2020-07-03 01:30:00,2020-07-06 01:30:00,short,1358.5475531884658
601328-601988,2020-07-03 01:30:00,2020-07-06 01:30:00,long,-1010.252787418468
600908-603323,2020-07-07 01:30:00,2020-07-08 01:30:00,short,-6665.7963113991445
600219-601600,2020-07-07 01:30:00,2020-07-08 01:30:00,short,105.15207980010337
600348-601699,2020-07-06 01:30:00,2020-07-08 01:30:00,short,-3187.893720771414
600111-600392,2020-07-06 01:30:00,2020-07-09 01:30:00,short,-6691.299166896175
600030-600999,2020-06-30 01:30:00,2020-07-09 01:30:00,long,6573.880882736292
600908-603323,2020-07-09 01:30:00,2020-07-10 01:30:00,short,-888.4797148137786
600111-600392,2020-07-10 01:30:00,2020-07-13 01:30:00,short,-894.3595809118538
600604-900902,2020-07-06 01:30:00,2020-07-16 01:30:00,long,2181.0799891495826
601577-603323,2020-07-07 01:30:00,2020-07-17 01:30:00,short,-6068.357922890333
600751-900938,2020-07-06 01:30:00,2020-07-17 01:30:00,short,11301.648987995355
600348-601699,2020-07-09 01:30:00,2020-07-17 01:30:00,short,1226.570356649805
600219-601600,2020-07-09 01:30:00,2020-07-20 01:30:00,short,-11479.877031409545
601577-603323,2020-07-20 01:30:00,2020-07-21 01:30:00,short,534.4625543358693
600531-601212,2020-07-08 01:30:00,2020-07-22 01:30:00,short,-10567.593811617258
600428-601919,2017-06-01 01:30:00,2020-07-23 01:30:00,long,-21431.463562763194
600029-600115,2020-08-04 01:30:00,2020-08-07 01:30:00,long,-2789.8195849723897
600598-601952,2020-07-21 01:30:00,2020-08-10 01:30:00,long,-10663.498402687437
600495-601002,2020-08-05 01:30:00,2020-08-11 01:30:00,short,-3367.3956050969405
600029-600115,2020-08-10 01:30:00,2020-08-12 01:30:00,long,-1872.0410387641432
600428-601919,2020-07-24 01:30:00,2020-08-13 01:30:00,long,-17011.219423781808
600919-601998,2020-08-13 01:30:00,2020-08-14 01:30:00,short,-2435.676128559271
600604-900902,2020-07-29 01:30:00,2020-08-18 01:30:00,long,-33.3487953690767
600348-601699,2020-07-21 01:30:00,2020-08-20 01:30:00,short,-1633.4808594600208
600610-900906,2020-08-20 01:30:00,2020-08-21 01:30:00,long,-466.19314647587817
600610-900906,2020-08-24 01:30:00,2020-08-25 01:30:00,long,1035.927829304791
600495-601002,2020-08-12 01:30:00,2020-08-26 01:30:00,short,3548.7249851305387
600717-601228,2020-08-25 01:30:00,2020-09-04 01:30:00,short,1005.0306545065216
600919-601998,2020-08-17 01:30:00,2020-09-07 01:30:00,short,-5096.447181686717
600610-900906,2020-08-26 01:30:00,2020-09-15 01:30:00,long,-10157.541951486666
600743-601588,2020-08-31 01:30:00,2020-09-21 01:30:00,short,-4547.183999829987
600743-601588,2020-09-22 01:30:00,2020-09-29 01:30:00,short,3045.1599820386573
600072-600150,2020-09-23 01:30:00,2020-10-13 01:30:00,short,-1065.3494944309325
600348-601699,2020-09-28 01:30:00,2020-10-19 01:30:00,short,-1508.4826933568188
600029-601111,2019-01-08 01:30:00,2020-10-23 01:30:00,short,11130.822186680824
600348-601699,2020-10-20 01:30:00,2020-10-28 01:30:00,short,1610.6236606266061
600048-600383,2020-10-22 01:30:00,2020-10-30 01:30:00,short,-333.4797813077039
600000-600016,2020-11-02 01:30:00,2020-11-03 01:30:00,short,-335.74392408277185
603000-603888,2020-10-27 01:30:00,2020-11-16 01:30:00,long,-1159.4085122112492
600782-601003,2020-03-23 01:30:00,2020-11-20 01:30:00,long,9798.233552006117
600231-600569,2020-11-20 01:30:00,2020-11-24 01:30:00,long,-1428.3418546463881
600717-601228,2020-11-17 01:30:00,2020-11-24 01:30:00,long,4656.618477450616
600782-601003,2020-11-26 01:30:00,2020-12-02 01:30:00,short,2472.2083120445986
600231-600569,2020-11-25 01:30:00,2020-12-07 01:30:00,long,1382.10584892291
600495-601002,2020-11-20 01:30:00,2020-12-10 01:30:00,short,1007.3054243957254
600782-601003,2020-12-11 01:30:00,2020-12-15 01:30:00,long,-6053.611607505689
600231-600569,2020-12-10 01:30:00,2020-12-17 01:30:00,long,3805.470862210711
601318-601601,2019-02-25 01:30:00,2020-12-18 01:30:00,short,-18098.879101133396
603000-603888,2020-11-17 01:30:00,2020-12-18 01:30:00,long,2812.854694823076
600048-600383,2020-12-01 01:30:00,2020-12-21 01:30:00,short,-3236.0699848271206
600199-600559,2020-12-18 01:30:00,2020-12-21 01:30:00,short,-10831.807503042714
600231-600569,2020-12-18 01:30:00,2020-12-22 01:30:00,short,-3206.567408584918
600199-600559,2020-12-22 01:30:00,2020-12-23 01:30:00,short,290.4058336146609
600231-600569,2020-12-23 01:30:00,2020-12-25 01:30:00,short,3971.434794310592
600231-600569,2020-12-29 01:30:00,2021-01-04 01:30:00,long,-2401.4505214643686
601336-601628,2020-12-21 01:30:00,2021-01-04 01:30:00,short,2559.4425286986207
600369-601198,2021-01-04 01:30:00,2021-01-07 01:30:00,short,3168.919623965077
600199-600559,2020-12-24 01:30:00,2021-01-08 01:30:00,short,26054.630739979177
603000-603888,2021-01-12 01:30:00,2021-02-01 01:30:00,long,4801.5525899080885
600717-601228,2021-01-18 01:30:00,2021-02-03 01:30:00,short,830.4828460520066
601336-601628,2021-01-26 01:30:00,2021-02-10 01:30:00,long,6953.067700902142
600743-601588,2021-01-25 01:30:00,2021-02-18 01:30:00,long,2973.96079751492
603000-603888,2021-02-04 01:30:00,2021-02-19 01:30:00,short,-2972.408240686136
600048-600383,2021-01-12 01:30:00,2021-02-22 01:30:00,short,3041.8581574844175
600231-600569,2021-01-05 01:30:00,2021-02-22 01:30:00,long,4668.99177511575
600495-601002,2021-01-05 01:30:00,2021-02-22 01:30:00,short,8629.618255643074
600048-600383,2021-03-01 01:30:00,2021-03-09 01:30:00,short,858.8649528258775
600029-601111,2021-02-23 01:30:00,2021-03-15 01:30:00,long,5841.097093236436
600958-601198,2021-02-22 01:30:00,2021-03-15 01:30:00,long,364.3974767109585
600123-600508,2016-08-05 01:30:00,2021-03-22 01:30:00,long,-24116.294875075706
600015-601169,2019-04-18 01:30:00,2021-03-22 01:30:00,short,4041.5610491473763
600231-600569,2021-04-06 01:30:00,2021-04-08 01:30:00,short,-418.27542679336693
600547-601069,2021-03-24 01:30:00,2021-04-13 01:30:00,long,-6060.983129396616
600231-600569,2021-04-13 01:30:00,2021-04-15 01:30:00,long,15855.326944124008
600616-601579,2021-04-16 01:30:00,2021-04-19 01:30:00,long,-5417.907419923979
600123-600508,2021-04-09 01:30:00,2021-04-29 01:30:00,short,-8213.41665464576
600059-601579,2021-04-20 01:30:00,2021-05-10 01:30:00,long,-6645.578136987835
600123-600508,2021-04-30 01:30:00,2021-05-10 01:30:00,short,-9546.620283981258
600928-601860,2021-04-20 01:30:00,2021-05-10 01:30:00,long,1238.1083040515393
600616-601579,2021-04-20 01:30:00,2021-05-10 01:30:00,long,-7560.177942979806
600123-600508,2021-05-11 01:30:00,2021-05-12 01:30:00,short,-1765.7488515027712
600015-601169,2021-05-10 01:30:00,2021-05-17 01:30:00,long,1631.2273275523728
600029-601111,2021-05-10 01:30:00,2021-05-19 01:30:00,long,2736.4658379727125
601186-601800,2020-05-22 01:30:00,2021-05-21 01:30:00,long,-3133.414642221682
600489-600547,2019-06-20 01:30:00,2021-05-21 01:30:00,long,-8187.57067621607
600489-600547,2021-05-26 01:30:00,2021-06-15 01:30:00,short,1842.2461756579305
600958-601198,2021-05-28 01:30:00,2021-06-17 01:30:00,short,1342.8847029696162
600015-601169,2021-06-11 01:30:00,2021-07-01 01:30:00,long,-870.4414118920242
600048-600383,2021-06-15 01:30:00,2021-07-05 01:30:00,long,-6784.858131382963
601336-601628,2021-06-17 01:30:00,2021-07-07 01:30:00,long,-1223.2554615536187
600029-601111,2021-07-15 01:30:00,2021-07-28 01:30:00,short,256.665770915994
600928-601860,2021-07-30 01:30:00,2021-08-03 01:30:00,short,1336.6477993939409
600928-601860,2021-08-06 01:30:00,2021-08-26 01:30:00,short,394.79989758045076
601398-601939,2021-08-10 01:30:00,2021-08-27 01:30:00,long,1031.3290876328208
600598-601952,2020-08-11 01:30:00,2021-09-13 01:30:00,long,2256.752841063906
600598-601952,2021-09-24 01:30:00,2021-10-14 01:30:00,short,1524.247070093629
600598-601952,2021-10-28 01:30:00,2021-10-29 01:30:00,long,-2945.926568625303
600928-601860,2021-10-27 01:30:00,2021-11-01 01:30:00,short,904.923696948797
600751-900938,2021-10-15 01:30:00,2021-11-04 01:30:00,long,21.81866865115626
600115-601111,2021-10-20 01:30:00,2021-11-09 01:30:00,long,-9576.837561406839
601288-601398,2021-09-08 01:30:00,2021-11-17 01:30:00,short,722.7043422077654
600362-601168,2016-07-27 01:30:00,2021-11-17 01:30:00,long,2299.463480162187
601398-601939,2021-11-05 01:30:00,2021-11-25 01:30:00,short,436.1880931641299
600029-601111,2021-11-18 01:30:00,2021-11-29 01:30:00,short,880.0218436779023
600029-601111,2021-12-20 01:30:00,2021-12-30 01:30:00,long,309.592909412524
600059-601579,2021-05-11 01:30:00,2022-01-13 01:30:00,long,1269.3526123401778
600316-600760,2016-07-04 01:30:00,2022-01-13 01:30:00,short,806134.1062168775
601398-601939,2022-01-06 01:30:00,2022-01-26 01:30:00,long,-427.46076005817645
601186-601390,2022-01-21 01:30:00,2022-02-09 01:30:00,long,1259.205299659412
600316-600760,2022-01-20 01:30:00,2022-02-09 01:30:00,long,4522.952789450692
600059-601579,2022-01-27 01:30:00,2022-02-16 01:30:00,long,-375.974461540055
600598-601952,2021-11-01 01:30:00,2022-02-17 01:30:00,long,-2523.0857946208334
600022-600307,2019-09-03 01:30:00,2022-02-17 01:30:00,long,7105.1347198233725
600029-601111,2022-02-14 01:30:00,2022-03-03 01:30:00,long,2991.3259567096684
600362-601899,2022-02-17 01:30:00,2022-03-09 01:30:00,long,-8566.361114012478
601398-601939,2022-02-28 01:30:00,2022-03-10 01:30:00,long,-1862.563596741888
601186-601390,2022-02-24 01:30:00,2022-03-16 01:30:00,long,-332.25301967007
600751-900938,2022-03-01 01:30:00,2022-03-21 01:30:00,short,-5858.843621505319
600022-600307,2022-03-15 01:30:00,2022-03-21 01:30:00,long,1709.6452902024598
600029-601111,2022-03-07 01:30:00,2022-03-28 01:30:00,long,-2964.8898943222907
601398-601939,2022-03-11 01:30:00,2022-03-31 01:30:00,long,-876.2358957793153
600598-601952,2022-03-15 01:30:00,2022-04-06 01:30:00,long,-1819.99787180957
600022-600307,2022-03-25 01:30:00,2022-04-11 01:30:00,long,-8668.19541685988
600726-900937,2022-04-12 01:30:00,2022-04-14 01:30:00,short,-6197.410531737788
600022-600307,2022-04-12 01:30:00,2022-04-15 01:30:00,long,-8444.028982609898
600015-601818,2016-11-24 01:30:00,2022-04-18 01:30:00,short,35186.100847873786
600054-600138,2020-04-10 01:30:00,2022-04-18 01:30:00,short,-12952.90551520644
600054-600138,2022-04-19 01:30:00,2022-04-20 01:30:00,short,-2864.9289654790127
600059-601579,2022-04-19 01:30:00,2022-04-20 01:30:00,long,-6626.703976076083
600059-601579,2022-04-21 01:30:00,2022-04-22 01:30:00,long,-3675.8235738804533
600022-600231,2022-04-18 01:30:00,2022-04-25 01:30:00,long,6446.77970850659
601336-601628,2022-04-25 01:30:00,2022-04-26 01:30:00,long,-6617.016587439743
600054-600138,2022-04-21 01:30:00,2022-04-26 01:30:00,short,3545.2281656177292
600118-601698,2022-04-25 01:30:00,2022-04-26 01:30:00,long,-1929.2814907385273
600059-601579,2022-04-25 01:30:00,2022-04-27 01:30:00,long,-5371.440259177194
600118-601698,2022-04-27 01:30:00,2022-04-29 01:30:00,long,-5520.098281811098
601336-601628,2022-04-27 01:30:00,2022-05-05 01:30:00,long,-4033.0679329018
600059-601579,2022-04-28 01:30:00,2022-05-06 01:30:00,long,-9800.779215493461
600059-601579,2022-05-09 01:30:00,2022-05-10 01:30:00,long,-7291.146918235039
601398-601939,2022-04-26 01:30:00,2022-05-11 01:30:00,short,1088.3217983006575
600598-601952,2022-04-14 01:30:00,2022-05-19 01:30:00,short,12762.613496500599
600118-601698,2022-05-05 01:30:00,2022-05-25 01:30:00,long,-1414.4070208308299
600019-600782,2022-05-05 01:30:00,2022-05-25 01:30:00,long,2901.5231084377747
601228-601326,2022-05-30 01:30:00,2022-06-07 01:30:00,short,-6266.825561448742
601228-601326,2022-06-08 01:30:00,2022-06-09 01:30:00,short,-4766.7404391075315
601228-601326,2022-06-10 01:30:00,2022-06-13 01:30:00,short,-6066.757208089548
600598-601952,2022-05-31 01:30:00,2022-06-16 01:30:00,short,-491.2056533329378
600015-601818,2022-06-01 01:30:00,2022-06-21 01:30:00,short,-160.7954369594372
600928-601860,2022-06-17 01:30:00,2022-06-22 01:30:00,short,2214.720036327734
600022-601005,2022-06-17 01:30:00,2022-07-07 01:30:00,short,-849.081299318562
601318-601601,2021-01-04 01:30:00,2022-07-15 01:30:00,long,-5250.2409405972285
600751-900938,2022-07-15 01:30:00,2022-07-19 01:30:00,long,2767.471182799104
600118-601698,2022-06-29 01:30:00,2022-07-19 01:30:00,long,3018.637696525056
600118-601698,2022-07-21 01:30:00,2022-07-22 01:30:00,short,-2450.079429569133
600054-600138,2022-07-21 01:30:00,2022-07-28 01:30:00,short,3449.722692635435
600928-601860,2022-07-25 01:30:00,2022-08-02 01:30:00,long,674.0843004427838
600751-900938,2022-08-02 01:30:00,2022-08-08 01:30:00,long,2854.7800380161043
600282-600782,2020-06-22 01:30:00,2022-08-12 01:30:00,short,30617.621628547207
600118-601698,2022-07-25 01:30:00,2022-08-15 01:30:00,short,1462.1885276551566
600717-601018,2022-08-01 01:30:00,2022-08-22 01:30:00,short,41.86692791291921
601318-601601,2022-08-10 01:30:00,2022-08-25 01:30:00,long,1764.7396140085557
600717-601018,2022-08-26 01:30:00,2022-08-29 01:30:00,short,-1616.5793476301887
600029-600115,2020-08-13 01:30:00,2022-09-09 01:30:00,long,12378.732741213671
600339-600583,2022-08-23 01:30:00,2022-09-13 01:30:00,long,-1480.7585592342325
600928-601860,2022-08-29 01:30:00,2022-09-16 01:30:00,long,468.7608799563483
600717-601018,2022-08-30 01:30:00,2022-09-19 01:30:00,short,-642.3062681914143
600339-600871,2022-09-09 01:30:00,2022-09-20 01:30:00,short,-91.4018988112366
600844-900921,2022-09-09 01:30:00,2022-09-26 01:30:00,long,2657.283272648686
600489-600547,2022-09-09 01:30:00,2022-09-29 01:30:00,short,-1937.590587099874
600339-600583,2022-09-20 01:30:00,2022-10-10 01:30:00,long,309.6568852087397
600312-601179,2022-09-15 01:30:00,2022-10-10 01:30:00,long,1699.3376278312753
600717-601018,2022-09-20 01:30:00,2022-10-10 01:30:00,short,-2661.588726874821
600928-601860,2022-09-21 01:30:00,2022-10-11 01:30:00,long,690.2432916556495
600118-601698,2022-09-26 01:30:00,2022-10-17 01:30:00,short,3380.950074745498
600598-601952,2022-09-26 01:30:00,2022-10-17 01:30:00,long,-729.513106741998
600004-600009,2016-07-21 01:30:00,2022-10-17 01:30:00,short,58809.99793714486
600020-600035,2022-09-29 01:30:00,2022-10-19 01:30:00,long,-309.6338339345681
600985-601699,2022-09-30 01:30:00,2022-10-20 01:30:00,short,-3681.707171315711
601186-601390,2022-10-21 01:30:00,2022-10-24 01:30:00,short,224.2038282976514
600029-600115,2022-10-21 01:30:00,2022-10-24 01:30:00,short,2773.721414028537
601318-601601,2022-10-13 01:30:00,2022-10-31 01:30:00,long,-2960.6833218044876
600985-601699,2022-10-21 01:30:00,2022-10-31 01:30:00,short,29679.615924391517
600598-601952,2022-10-24 01:30:00,2022-10-31 01:30:00,long,5670.5538460590315
600928-601860,2022-10-21 01:30:00,2022-11-10 01:30:00,short,-1381.067171699819
601169-601818,2022-10-24 01:30:00,2022-11-11 01:30:00,long,-694.2910706097978
600004-600009,2022-10-28 01:30:00,2022-11-17 01:30:00,short,-3975.7952728067517
600017-601326,2022-11-01 01:30:00,2022-11-21 01:30:00,long,1850.4494698995695
600029-600115,2022-11-01 01:30:00,2022-11-21 01:30:00,short,-2000.7068860961501
600312-601179,2022-11-02 01:30:00,2022-11-22 01:30:00,short,1662.3416774519364
601186-601390,2022-11-22 01:30:00,2022-11-23 01:30:00,short,-122.44423091386398
601186-601800,2022-11-22 01:30:00,2022-11-23 01:30:00,short,4027.447258241652
601186-601390,2022-11-24 01:30:00,2022-11-29 01:30:00,short,-944.1748348657384
601186-601800,2022-11-24 01:30:00,2022-11-29 01:30:00,short,3506.8021326383296
601186-601390,2022-11-30 01:30:00,2022-12-05 01:30:00,short,508.31492707734014
601186-601800,2022-11-30 01:30:00,2022-12-05 01:30:00,short,1285.4405701625092
600339-600871,2022-11-30 01:30:00,2022-12-05 01:30:00,short,-5329.670170878073
601186-601390,2022-12-06 01:30:00,2022-12-07 01:30:00,short,-3560.8454572043447
601186-601800,2022-12-06 01:30:00,2022-12-07 01:30:00,short,-1924.4254229683938
600339-600871,2022-12-06 01:30:00,2022-12-07 01:30:00,short,-4530.055135593711
600717-601018,2022-10-11 01:30:00,2022-12-12 01:30:00,short,-101.36231504018883
600030-600999,2020-07-16 01:30:00,2022-12-12 01:30:00,long,15270.911559587435
601377-601688,2022-11-25 01:30:00,2022-12-15 01:30:00,long,1200.5541717728047
600339-600871,2022-12-08 01:30:00,2022-12-20 01:30:00,short,5261.266501186815
603233-603883,2022-12-14 01:30:00,2022-12-22 01:30:00,long,1904.1829026294417
600054-600138,2022-12-08 01:30:00,2022-12-28 01:30:00,long,-5298.633523716686
600030-600999,2022-12-14 01:30:00,2023-01-03 01:30:00,short,162.3325198809398
601377-601688,2023-01-03 01:30:00,2023-01-04 01:30:00,short,-823.130078887585
600109-601099,2022-12-15 01:30:00,2023-01-04 01:30:00,short,1884.5658826021368
601377-601688,2023-01-05 01:30:00,2023-01-09 01:30:00,short,-4109.909282264365
600048-600383,2021-07-06 01:30:00,2023-01-10 01:30:00,long,36501.83266530832
600740-600997,2023-01-11 01:30:00,2023-01-13 01:30:00,short,1040.9528984938538
600054-600138,2023-01-09 01:30:00,2023-01-17 01:30:00,long,6079.039806094121
603233-603883,2023-01-19 01:30:00,2023-02-08 01:30:00,long,721.3178048639802
600020-600269,2020-08-19 01:30:00,2023-02-14 01:30:00,long,-17848.420966234924
600118-601698,2022-12-21 01:30:00,2023-02-14 01:30:00,long,-572.8646292479243
600740-600997,2023-02-16 01:30:00,2023-02-17 01:30:00,long,-679.0182747439983
601101-601918,2023-02-22 01:30:00,2023-02-23 01:30:00,short,-5211.081030895612
600118-601698,2023-02-21 01:30:00,2023-02-23 01:30:00,short,-7570.601659302939
600118-601698,2023-02-24 01:30:00,2023-02-27 01:30:00,short,-570.8577647838486
600118-601698,2023-02-28 01:30:00,2023-03-02 01:30:00,short,15578.5877944567
601101-601918,2023-02-24 01:30:00,2023-03-09 01:30:00,short,5439.544291449775
600118-601698,2023-03-06 01:30:00,2023-03-09 01:30:00,long,-9629.99099988573
600740-600997,2023-02-20 01:30:00,2023-03-13 01:30:00,long,-951.977139483436
600118-601698,2023-03-10 01:30:00,2023-03-13 01:30:00,long,-7936.388807890089
600219-601600,2020-07-21 01:30:00,2023-03-14 01:30:00,short,22853.50655377013
600030-600999,2023-03-08 01:30:00,2023-03-28 01:30:00,long,269.1384659844118
600054-600138,2023-03-22 01:30:00,2023-03-29 01:30:00,short,-9469.082800543423
600054-600138,2023-03-30 01:30:00,2023-03-31 01:30:00,short,-2036.836470594314
600219-601600,2023-03-15 01:30:00,2023-04-04 01:30:00,long,-2124.2502217157235
600020-600269,2023-03-21 01:30:00,2023-04-10 01:30:00,short,-3206.797327745565
600162-601588,2023-04-10 01:30:00,2023-04-11 01:30:00,short,-2515.311699948172
600111-600392,2020-07-14 01:30:00,2023-04-12 01:30:00,short,-35320.649171479585
600015-601169,2023-04-13 01:30:00,2023-04-18 01:30:00,long,1654.9721149789762
603233-603883,2023-04-03 01:30:00,2023-04-24 01:30:00,short,1219.2482120583372
600307-601005,2023-04-17 01:30:00,2023-04-25 01:30:00,short,-1325.762510689202
600111-600392,2023-04-13 01:30:00,2023-05-04 01:30:00,long,6174.185727857057
603233-603939,2023-04-17 01:30:00,2023-05-08 01:30:00,short,-338.47219728055916
600015-601169,2023-05-04 01:30:00,2023-05-09 01:30:00,short,-3309.7998237208562
600015-601169,2023-05-10 01:30:00,2023-05-15 01:30:00,short,2922.533056275106
600029-600115,2023-03-30 01:30:00,2023-05-15 01:30:00,short,6842.72213619046
600035-600269,2023-04-28 01:30:00,2023-05-18 01:30:00,short,-4453.937072078939
600015-601169,2023-05-18 01:30:00,2023-05-24 01:30:00,short,2023.2722340181426
600606-600743,2023-05-15 01:30:00,2023-06-05 01:30:00,short,1214.6833591906125
600606-601588,2023-06-08 01:30:00,2023-06-09 01:30:00,long,1533.2711009758157
601101-601918,2023-05-26 01:30:00,2023-06-09 01:30:00,long,2453.9940720999502
600048-600383,2023-03-13 01:30:00,2023-06-12 01:30:00,long,9138.026602916101
600015-601169,2023-06-19 01:30:00,2023-07-06 01:30:00,short,1386.4233180869562
600307-601005,2023-04-26 01:30:00,2023-07-12 01:30:00,short,-5170.76186822936
600015-601169,2023-07-12 01:30:00,2023-07-25 01:30:00,long,3040.854985866662
600030-600999,2023-07-28 01:30:00,2023-07-31 01:30:00,short,-2330.1697626269815
600307-600569,2023-07-27 01:30:00,2023-07-31 01:30:00,long,2168.271545654011
600048-600383,2023-07-25 01:30:00,2023-07-31 01:30:00,short,10587.793799731113
600030-600999,2023-08-01 01:30:00,2023-08-21 01:30:00,short,12.301741001452228
600307-600569,2023-08-01 01:30:00,2023-08-21 01:30:00,long,1101.0277650705411
688032-688348,2023-08-08 01:30:00,2023-08-28 01:30:00,long,-424.9917075493149
601108-601198,2023-08-09 01:30:00,2023-08-29 01:30:00,short,-3076.9264735727866
600030-600999,2023-08-24 01:30:00,2023-09-13 01:30:00,short,-485.0451760517508
600958-601377,2023-10-10 01:30:00,2023-10-11 01:30:00,long,-5957.016099686998
600029-601111,2022-03-30 01:30:00,2023-10-12 01:30:00,long,11770.075886547826
600610-900906,2020-11-04 01:30:00,2023-10-12 01:30:00,short,-57873.37538754115
600029-601111,2023-10-27 01:30:00,2023-11-03 01:30:00,short,1699.8426976689047
600111-600392,2023-10-23 01:30:00,2023-11-06 01:30:00,long,561.1785058731384
600383-601155,2023-10-17 01:30:00,2023-11-06 01:30:00,long,-8465.286652945571
600818-900915,2018-05-11 01:30:00,2023-11-09 01:30:00,short,-27757.354292416614
600610-900906,2023-11-02 01:30:00,2023-11-14 01:30:00,long,10995.625667431452
600048-600383,2023-10-26 01:30:00,2023-11-15 01:30:00,long,-4462.350855590817
600160-603379,2023-11-20 01:30:00,2023-11-24 01:30:00,long,1076.3168885403056
600909-600999,2019-12-04 01:30:00,2023-12-07 01:30:00,long,-12631.694343608175
600015-601169,2023-11-27 01:30:00,2023-12-18 01:30:00,short,-2399.6947573869916
600026-601872,2023-12-13 01:30:00,2023-12-18 01:30:00,long,5239.806765437515
600909-600999,2023-12-15 01:30:00,2023-12-25 01:30:00,short,2317.84578240177
600818-900915,2023-12-13 01:30:00,2023-12-25 01:30:00,short,9885.553712995667
600015-601169,2023-12-19 01:30:00,2023-12-28 01:30:00,short,2641.683216215448
600029-601111,2023-12-27 01:30:00,2024-01-02 01:30:00,short,1664.9179328297434
600029-601111,2024-01-09 01:30:00,2024-01-10 01:30:00,short,-1086.2106558827832
600029-601111,2024-01-11 01:30:00,2024-01-12 01:30:00,short,-672.1868774353245
600909-600999,2023-12-29 01:30:00,2024-01-18 01:30:00,short,2438.384664995884
601288-601398,2024-01-19 01:30:00,2024-01-24 01:30:00,long,-113.84220167346552
600489-600547,2024-01-10 01:30:00,2024-01-24 01:30:00,long,3833.35538289081
601288-601398,2024-01-25 01:30:00,2024-01-26 01:30:00,long,-397.85826227983944
601288-601398,2024-01-29 01:30:00,2024-01-31 01:30:00,long,-1085.3398941856058
600029-601111,2024-01-15 01:30:00,2024-02-01 01:30:00,short,183.8188911860766
601186-601390,2022-12-08 01:30:00,2024-02-02 01:30:00,short,7140.304388290857
601288-601398,2024-02-01 01:30:00,2024-02-21 01:30:00,long,1822.101427353473
601288-601398,2024-02-22 01:30:00,2024-03-01 01:30:00,long,2048.4096411219075
600160-603379,2023-12-01 01:30:00,2024-03-11 01:30:00,long,-11770.05618754459
600020-600035,2022-10-24 01:30:00,2024-03-11 01:30:00,long,-6463.137030394999
600383-601155,2023-11-07 01:30:00,2024-03-11 01:30:00,long,-6622.844097611025
600160-603379,2024-03-18 01:30:00,2024-03-20 01:30:00,short,-6000.379260258925
600391-688586,2024-03-11 01:30:00,2024-04-01 01:30:00,short,-273.62077219795316
600020-600035,2024-03-13 01:30:00,2024-04-02 01:30:00,long,-3886.780751231027
601186-601390,2024-03-14 01:30:00,2024-04-03 01:30:00,long,-5572.715933325131
601601-601628,2024-03-14 01:30:00,2024-04-03 01:30:00,long,1505.8976209394025
688528-688701,2024-03-18 01:30:00,2024-04-08 01:30:00,short,-3670.5295985524217
601186-601800,2022-12-08 01:30:00,2024-04-10 01:30:00,short,-1826.4498008812698
600874-601200,2024-03-25 01:30:00,2024-04-15 01:30:00,short,-4044.243730694488
600874-601200,2024-04-16 01:30:00,2024-04-17 01:30:00,short,-6836.481202191272
600383-601155,2024-04-15 01:30:00,2024-04-25 01:30:00,short,6229.649742545613
688030-688078,2024-04-16 01:30:00,2024-04-30 01:30:00,long,4275.504453762171
600383-601155,2024-04-29 01:30:00,2024-04-30 01:30:00,long,8019.0209937576055
601186-601800,2024-04-11 01:30:00,2024-05-06 01:30:00,long,-178.05510325970954
600101-600644,2024-04-16 01:30:00,2024-05-06 01:30:00,short,-280.80672520904227
688030-688060,2024-04-30 01:30:00,2024-05-07 01:30:00,long,5389.035048518463
600111-600392,2023-11-22 01:30:00,2024-05-13 01:30:00,long,-250.56083466719565
600037-600959,2016-08-19 01:30:00,2024-05-13 01:30:00,short,-12512.896757516668
600035-600269,2023-05-24 01:30:00,2024-05-13 01:30:00,short,18894.06346754183
688565-688701,2024-05-24 01:30:00,2024-05-28 01:30:00,long,5157.930759191148
600602-900901,2024-06-03 01:30:00,2024-06-04 01:30:00,short,-2284.193509648881
605358-688432,2024-05-31 01:30:00,2024-06-05 01:30:00,long,3426.917302814605
600362-603993,2024-05-16 01:30:00,2024-06-05 01:30:00,short,-1343.2423476541744
688565-688701,2024-06-03 01:30:00,2024-06-06 01:30:00,short,942.274260463173
600602-900901,2024-06-05 01:30:00,2024-06-06 01:30:00,short,-5492.014548409718
600029-601111,2024-05-20 01:30:00,2024-06-11 01:30:00,short,436.41242295801726
603000-603888,2021-05-14 01:30:00,2024-06-11 01:30:00,long,24625.55952171555
688565-688701,2024-06-13 01:30:00,2024-06-20 01:30:00,long,-8893.470649759309
688207-688365,2024-06-19 01:30:00,2024-06-20 01:30:00,short,-3642.7626533577304
688181-688199,2024-06-18 01:30:00,2024-06-21 01:30:00,long,6628.189489026398
688565-688701,2024-06-21 01:30:00,2024-06-24 01:30:00,long,-2966.6907630340834
601012-603185,2024-06-04 01:30:00,2024-06-24 01:30:00,short,2748.548572007998
688565-688701,2024-06-25 01:30:00,2024-06-26 01:30:00,long,-3549.052444961927
600020-600035,2024-06-06 01:30:00,2024-06-26 01:30:00,long,-133.94215197946824
600602-900901,2024-06-07 01:30:00,2024-06-27 01:30:00,short,5214.724932653202
601288-601398,2024-06-24 01:30:00,2024-07-02 01:30:00,long,-1208.3864562010967
688067-688681,2024-06-14 01:30:00,2024-07-04 01:30:00,long,2921.590356275283
600118-601698,2024-06-14 01:30:00,2024-07-04 01:30:00,long,370.0951040385107
600029-601111,2024-06-18 01:30:00,2024-07-08 01:30:00,short,-1410.010985502936
688207-688365,2024-06-21 01:30:00,2024-07-11 01:30:00,short,-3597.371091427226
688565-688701,2024-06-27 01:30:00,2024-07-17 01:30:00,long,21550.217118516855
600111-600392,2024-07-01 01:30:00,2024-07-22 01:30:00,short,-4471.701576194429
600029-601111,2024-07-09 01:30:00,2024-07-29 01:30:00,short,1904.5800260569363
600606-601588,2024-07-10 01:30:00,2024-07-30 01:30:00,short,3577.5786390052126
600533-600665,2024-07-10 01:30:00,2024-07-30 01:30:00,long,-3676.3998553071524
688207-688365,2024-07-12 01:30:00,2024-08-01 01:30:00,short,1206.7189399866375
601186-601800,2024-07-26 01:30:00,2024-08-02 01:30:00,short,3002.7701882143906
600637-600959,2024-04-30 01:30:00,2024-08-06 01:30:00,long,1694.6047153990503
688565-688701,2024-07-18 01:30:00,2024-08-07 01:30:00,short,4149.276946970481
688051-688619,2024-07-23 01:30:00,2024-08-12 01:30:00,short,-620.9573186866137
600111-600392,2024-07-23 01:30:00,2024-08-12 01:30:00,short,1600.684687238123
600339-600871,2024-08-06 01:30:00,2024-08-13 01:30:00,long,4563.137690397522
688004-688030,2024-08-16 01:30:00,2024-08-23 01:30:00,short,4235.093886998315
600020-600035,2024-08-08 01:30:00,2024-08-28 01:30:00,short,-5472.839711178771
603127-688202,2024-08-08 01:30:00,2024-08-28 01:30:00,short,-7312.887861588855
600109-601108,2024-08-22 01:30:00,2024-08-30 01:30:00,short,2271.6061607089478
603000-603888,2024-06-27 01:30:00,2024-09-03 01:30:00,long,-4036.465766404159
688035-688135,2024-09-20 01:30:00,2024-09-23 01:30:00,short,-14140.73978516136
601198-601375,2024-09-25 01:30:00,2024-09-27 01:30:00,short,935.0719587189906
600395-600740,2024-09-11 01:30:00,2024-09-27 01:30:00,long,-11597.12260880002
600029-601111,2024-09-25 01:30:00,2024-09-30 01:30:00,short,3739.190636288864
601198-601375,2024-09-30 01:30:00,2024-10-08 01:30:00,short,-362.7666299609846
600051-600235,2024-09-26 01:30:00,2024-10-08 01:30:00,short,2383.902511255197
688035-688135,2024-09-24 01:30:00,2024-10-08 01:30:00,short,5378.892070635491
600637-600959,2024-10-08 01:30:00,2024-10-09 01:30:00,long,1374.2172043064675
600029-600115,2023-05-29 01:30:00,2024-10-10 01:30:00,long,15205.054537062453
600802-603817,2024-09-30 01:30:00,2024-10-10 01:30:00,long,-4412.218723131886
688032-688348,2023-12-22 01:30:00,2024-10-10 01:30:00,short,-25681.684950813975
600029-601111,2024-10-08 01:30:00,2024-10-11 01:30:00,short,692.5546682182903
601398-601939,2024-10-08 01:30:00,2024-10-14 01:30:00,long,-1402.6122737544547
600644-600744,2024-10-08 01:30:00,2024-10-14 01:30:00,long,3749.6660379055675
600109-601108,2024-10-10 01:30:00,2024-10-16 01:30:00,long,2255.004418035845
688223-688599,2024-10-10 01:30:00,2024-10-16 01:30:00,short,6209.252585021171
688030-688078,2024-10-09 01:30:00,2024-10-17 01:30:00,short,-9601.233818817247
688004-688030,2024-09-30 01:30:00,2024-10-17 01:30:00,long,-6322.702846008802
603127-688202,2024-09-27 01:30:00,2024-10-17 01:30:00,short,7940.943694406233
600644-600744,2024-10-16 01:30:00,2024-10-17 01:30:00,short,-5000.027943990063
603000-603888,2024-09-30 01:30:00,2024-10-21 01:30:00,long,-3415.520506316983
600644-600744,2024-10-18 01:30:00,2024-10-22 01:30:00,short,7898.511613476347
600051-600235,2024-10-25 01:30:00,2024-10-28 01:30:00,long,-4044.371213528513
600305-603866,2024-10-11 01:30:00,2024-10-29 01:30:00,long,3823.4635036693544
688450-688671,2024-10-14 01:30:00,2024-10-29 01:30:00,short,6646.303546889343
600202-600526,2024-10-10 01:30:00,2024-10-29 01:30:00,long,12978.79372197237
600017-600717,2024-10-10 01:30:00,2024-10-30 01:30:00,short,-3949.8801094233936
688004-688030,2024-10-29 01:30:00,2024-10-30 01:30:00,short,4434.790875248771
600051-600235,2024-10-29 01:30:00,2024-10-30 01:30:00,long,-2430.705818903702
601318-601336,2024-10-10 01:30:00,2024-10-30 01:30:00,long,4537.260746506321
600637-600959,2024-10-28 01:30:00,2024-10-31 01:30:00,long,3289.724530284115
600802-603817,2024-10-11 01:30:00,2024-10-31 01:30:00,long,17796.98122281067
600606-601588,2024-10-28 01:30:00,2024-10-31 01:30:00,long,-7269.465407299064
688004-688030,2024-10-31 01:30:00,2024-11-01 01:30:00,short,11730.562410040066
601398-601939,2024-10-15 01:30:00,2024-11-04 01:30:00,long,-753.5205540268655
688049-688591,2024-10-14 01:30:00,2024-11-04 01:30:00,short,5727.97331153041
600802-603817,2024-11-01 01:30:00,2024-11-04 01:30:00,short,9190.286027573453
600556-600880,2024-10-16 01:30:00,2024-11-04 01:30:00,long,8328.143842318024
688565-688701,2024-11-01 01:30:00,2024-11-06 01:30:00,short,-3114.725233741562
688207-688365,2024-10-09 01:30:00,2024-11-07 01:30:00,long,17325.053527076445
600307-601005,2023-07-27 01:30:00,2024-11-07 01:30:00,long,11716.499802739592
603000-603888,2024-10-22 01:30:00,2024-11-11 01:30:00,long,955.0606745710379
600029-601111,2024-10-23 01:30:00,2024-11-12 01:30:00,short,4245.770676431307
600029-600115,2024-10-23 01:30:00,2024-11-12 01:30:00,short,4376.959505547948
600055-688739,2024-11-08 01:30:00,2024-11-12 01:30:00,short,-8989.758124189964
600051-600235,2024-10-31 01:30:00,2024-11-14 01:30:00,long,6880.296380691052
600055-688739,2024-11-13 01:30:00,2024-11-14 01:30:00,short,-2761.2356208318097
601098-601928,2024-11-12 01:30:00,2024-11-14 01:30:00,long,3327.539008845898
600110-688388,2024-11-06 01:30:00,2024-11-15 01:30:00,long,6415.660934662043
600300-600429,2024-10-28 01:30:00,2024-11-18 01:30:00,short,-2424.6848488938767
688419-688689,2024-10-29 01:30:00,2024-11-18 01:30:00,short,2695.175148187494
600339-600871,2024-11-04 01:30:00,2024-11-19 01:30:00,long,2180.798786581825
600110-688388,2024-11-22 01:30:00,2024-11-25 01:30:00,short,-6718.21979107382
600110-688388,2024-11-26 01:30:00,2024-11-28 01:30:00,short,8773.511755924195
688012-688120,2024-11-08 01:30:00,2024-11-28 01:30:00,short,-4887.020015325685
688450-688671,2024-11-21 01:30:00,2024-11-29 01:30:00,short,4879.0479849243775
688309-688718,2024-11-13 01:30:00,2024-12-03 01:30:00,long,7146.144344357136
600305-603866,2024-11-27 01:30:00,2024-12-04 01:30:00,short,5762.867267160231
601186-601800,2024-08-27 01:30:00,2024-12-05 01:30:00,long,-8298.158159644383
600637-600959,2024-11-06 01:30:00,2024-12-05 01:30:00,short,10194.750356547262
600531-601212,2024-10-08 01:30:00,2024-12-05 01:30:00,short,5597.232697188796
600637-600959,2024-12-06 01:30:00,2024-12-09 01:30:00,long,-188.818664958613
688207-688365,2024-12-10 01:30:00,2024-12-11 01:30:00,long,7948.506160439749
688369-688590,2024-11-22 01:30:00,2024-12-12 01:30:00,long,-6169.07413053432
688032-688348,2024-11-26 01:30:00,2024-12-16 01:30:00,long,4547.53673660814
688207-688365,2024-12-19 01:30:00,2024-12-20 01:30:00,long,-16131.494493970033
600637-600959,2024-12-10 01:30:00,2024-12-23 01:30:00,long,4256.213053731591
688207-688365,2024-12-23 01:30:00,2024-12-24 01:30:00,long,-3875.9100702966753
688450-688671,2024-12-11 01:30:00,2024-12-25 01:30:00,short,4996.403512818975
688106-688548,2024-12-10 01:30:00,2024-12-30 01:30:00,long,4068.6485102107645
600305-603866,2024-12-12 01:30:00,2025-01-02 01:30:00,long,4953.7609580770295
600054-600138,2023-04-03 01:30:00,2025-01-03 01:30:00,short,-15620.586981629971
601098-601928,2024-12-16 01:30:00,2025-01-03 01:30:00,short,790.6709030815766
600761-603298,2025-01-02 01:30:00,2025-01-03 01:30:00,long,-5654.359812248379
688223-688599,2024-12-27 01:30:00,2025-01-16 01:30:00,long,-0.3400465679806075
601098-601928,2025-01-13 01:30:00,2025-01-17 01:30:00,short,4646.04072622956
603728-688017,2025-01-13 01:30:00,2025-01-20 01:30:00,long,5230.195019800183
600926-601838,2025-01-08 01:30:00,2025-01-21 01:30:00,long,2270.7535370461865
601899-603993,2025-01-10 01:30:00,2025-01-23 01:30:00,short,3878.0346174499236
600054-603136,2025-01-03 01:30:00,2025-01-23 01:30:00,long,-4124.298291329431
600761-603298,2025-01-06 01:30:00,2025-01-27 01:30:00,long,1520.7112788703066
601233-603225,2025-01-13 01:30:00,2025-02-05 01:30:00,long,3472.3094420895723
600362-601168,2025-01-08 01:30:00,2025-02-05 01:30:00,long,455.8966107419251
600054-600138,2025-01-20 01:30:00,2025-02-05 01:30:00,long,3490.225813417625
688450-688671,2025-01-13 01:30:00,2025-02-05 01:30:00,long,2195.3515885324014
600644-600744,2025-01-15 01:30:00,2025-02-05 01:30:00,short,-2715.5569577297892
688223-688599,2025-01-17 01:30:00,2025-02-06 01:30:00,long,-2060.842400160797
688067-688681,2025-01-21 01:30:00,2025-02-07 01:30:00,long,4208.907966499191
600037-600959,2024-05-22 01:30:00,2025-02-10 01:30:00,short,2954.7462528178476
600028-601857,2022-07-12 01:30:00,2025-02-10 01:30:00,short,12226.914071156541
601318-601628,2025-01-23 01:30:00,2025-02-11 01:30:00,long,3202.4603267206157
600602-900901,2025-02-17 01:30:00,2025-02-18 01:30:00,short,-11795.407589001337
688055-688079,2025-02-10 01:30:00,2025-02-20 01:30:00,long,-18727.473078412055
600602-900901,2025-02-19 01:30:00,2025-02-25 01:30:00,short,-15225.50430493154
600354-600359,2025-02-14 01:30:00,2025-02-25 01:30:00,short,4663.274569189746
600109-601108,2025-02-10 01:30:00,2025-02-26 01:30:00,short,3726.935491586277
688558-688697,2025-02-25 01:30:00,2025-02-26 01:30:00,short,-1492.5282851335814
688123-688766,2025-02-06 01:30:00,2025-02-26 01:30:00,short,8708.366242645234
688233-688419,2025-02-11 01:30:00,2025-02-28 01:30:00,long,5772.433414978192
600054-600138,2025-02-11 01:30:00,2025-02-28 01:30:00,short,3982.7771056194833
601233-603225,2025-02-27 01:30:00,2025-03-03 01:30:00,long,5777.873378245749
600037-600959,2025-02-11 01:30:00,2025-03-03 01:30:00,short,-1514.673231252356
600644-600744,2025-02-11 01:30:00,2025-03-03 01:30:00,short,474.8490501062689
600351-600812,2025-02-10 01:30:00,2025-03-03 01:30:00,long,-1547.484735955295
600448-600493,2025-02-13 01:30:00,2025-03-05 01:30:00,short,1916.869124165401
688558-688697,2025-02-27 01:30:00,2025-03-05 01:30:00,short,4716.429782973185
605366-605399,2025-02-25 01:30:00,2025-03-07 01:30:00,short,8155.988455910601
600111-600392,2024-10-08 01:30:00,2025-03-10 01:30:00,short,4765.9835930629115
603728-688017,2025-02-07 01:30:00,2025-03-10 01:30:00,short,-4859.997848159448
688067-688681,2025-02-27 01:30:00,2025-03-11 01:30:00,long,3239.9332199141118
600305-600597,2025-02-20 01:30:00,2025-03-12 01:30:00,long,-201.93524846120096
601186-601800,2025-02-21 01:30:00,2025-03-13 01:30:00,long,-1267.6018393011002
600926-601838,2025-02-26 01:30:00,2025-03-13 01:30:00,short,2185.579322395248
600339-600871,2025-03-10 01:30:00,2025-03-24 01:30:00,long,1708.2977586868374
601318-601628,2025-03-06 01:30:00,2025-03-26 01:30:00,short,-4254.655071536432
600307-601005,2025-03-25 01:30:00,2025-03-26 01:30:00,short,-1678.7000923330156
600354-600359,2025-03-10 01:30:00,2025-03-31 01:30:00,long,-481.3610110326331
600305-600597,2025-03-14 01:30:00,2025-04-01 01:30:00,long,6486.736858915072
601398-601939,2025-03-31 01:30:00,2025-04-07 01:30:00,long,-2833.0294379817387
601899-603993,2025-03-28 01:30:00,2025-04-07 01:30:00,short,-801.0268522133556
605366-605399,2025-03-31 01:30:00,2025-04-07 01:30:00,long,4765.174839874776
600054-603136,2025-03-24 01:30:00,2025-04-07 01:30:00,short,-247.83317134497702
600111-600392,2025-04-07 01:30:00,2025-04-08 01:30:00,short,-523.2235182231962
688419-688689,2025-01-23 01:30:00,2025-04-08 01:30:00,short,5520.447502153769
688067-688681,2025-03-20 01:30:00,2025-04-09 01:30:00,long,1246.7260923270733
600022-600307,2025-04-07 01:30:00,2025-04-10 01:30:00,long,-157.70282515177587
600030-600999,2025-04-08 01:30:00,2025-04-11 01:30:00,long,2371.7487444104513
600362-601168,2025-03-26 01:30:00,2025-04-15 01:30:00,short,-4667.672614898185
600644-600744,2025-04-15 01:30:00,2025-04-16 01:30:00,short,-14558.440964767327
688045-688061,2025-04-15 01:30:00,2025-04-16 01:30:00,short,-10142.553199619086
600235-600448,2025-04-17 01:30:00,2025-04-18 01:30:00,long,7226.6475856072875
688338-688505,2025-04-09 01:30:00,2025-04-18 01:30:00,long,2019.1452994238934
600644-600744,2025-04-17 01:30:00,2025-04-18 01:30:00,short,-8567.931488999891
600307-601005,2025-04-01 01:30:00,2025-04-21 01:30:00,long,-1575.039159791072
600644-600744,2025-04-21 01:30:00,2025-04-22 01:30:00,short,-11799.05114025042
603676-603987,2025-04-21 01:30:00,2025-04-22 01:30:00,short,-8111.545530001995
603676-603987,2025-04-23 01:30:00,2025-04-24 01:30:00,short,-8457.01591770154
600197-600559,2025-04-08 01:30:00,2025-04-28 01:30:00,long,-403.5939646167427
600639-600648,2025-04-22 01:30:00,2025-04-28 01:30:00,short,-5087.890352725109
601899-603993,2025-04-08 01:30:00,2025-04-28 01:30:00,short,4196.913638801521
688106-688268,2025-04-08 01:30:00,2025-04-28 01:30:00,long,-6428.677246065151
600035-600269,2025-04-09 01:30:00,2025-04-28 01:30:00,short,7120.732222782349
600054-600138,2025-04-08 01:30:00,2025-04-28 01:30:00,short,1879.7515760084702
600030-600999,2025-04-22 01:30:00,2025-04-29 01:30:00,short,-2294.127253616809
600111-600392,2025-04-09 01:30:00,2025-04-29 01:30:00,short,2503.8935675414123
600926-601838,2025-04-18 01:30:00,2025-04-29 01:30:00,long,4107.0928386211235
600235-600448,2025-04-23 01:30:00,2025-04-30 01:30:00,short,2299.110245354224
688045-688061,2025-04-17 01:30:00,2025-04-30 01:30:00,short,12526.184102074658
600362-601168,2025-04-16 01:30:00,2025-05-06 01:30:00,short,-394.9701841560477
600030-600999,2025-04-30 01:30:00,2025-05-06 01:30:00,short,-1304.244229305792
600644-600744,2025-04-23 01:30:00,2025-05-07 01:30:00,short,46501.083383028585
600235-600448,2025-05-07 01:30:00,2025-05-08 01:30:00,long,-9859.314364250118
601186-601390,2024-04-08 01:30:00,2025-05-09 01:30:00,long,14331.79259379498
601288-601988,2021-03-04 01:30:00,2025-05-09 01:30:00,short,10641.130350135936
600938-601857,2025-04-07 01:30:00,2025-05-09 01:30:00,long,-3200.871218833944
600160-603379,2024-03-21 01:30:00,2025-05-09 01:30:00,short,-12759.74737453889
600448-600493,2025-05-09 01:30:00,2025-05-12 01:30:00,short,-4616.349559258165
600448-600493,2025-05-13 01:30:00,2025-05-14 01:30:00,short,-7862.784279862834
600305-600597,2025-04-25 01:30:00,2025-05-15 01:30:00,short,2443.607418052454
600448-600493,2025-05-15 01:30:00,2025-05-16 01:30:00,short,-3764.6390030630555
688004-688579,2025-05-06 01:30:00,2025-05-16 01:30:00,short,-19178.046013674673
600339-600871,2025-04-30 01:30:00,2025-05-20 01:30:00,long,-266.3316678294086
600546-601699,2025-05-09 01:30:00,2025-05-21 01:30:00,long,2757.553602292425
600448-600493,2025-05-19 01:30:00,2025-05-23 01:30:00,short,33716.61181050823
600162-601588,2025-05-09 01:30:00,2025-05-29 01:30:00,long,-3363.4454180596044
600109-601108,2025-05-13 01:30:00,2025-06-03 01:30:00,short,-1194.644658708784
601288-601988,2025-05-13 01:30:00,2025-06-03 01:30:00,short,-1959.7979994193106
600928-601997,2025-05-13 01:30:00,2025-06-03 01:30:00,short,-1890.4599861138322
600160-603379,2025-05-12 01:30:00,2025-06-03 01:30:00,long,-984.7876273607257
605366-605399,2025-05-29 01:30:00,2025-06-03 01:30:00,short,8386.160216097222
600717-601018,2025-05-15 01:30:00,2025-06-04 01:30:00,long,2354.97224193718
601858-603000,2025-05-26 01:30:00,2025-06-06 01:30:00,short,-5838.814662304866
600118-601698,2024-07-05 01:30:00,2025-06-09 01:30:00,long,-17281.473460278245
600818-900915,2024-01-22 01:30:00,2025-06-09 01:30:00,long,14828.054989475715
600339-600871,2025-06-13 01:30:00,2025-06-19 01:30:00,long,6248.583431104906
600918-601377,2025-06-11 01:30:00,2025-06-24 01:30:00,long,6054.693251641193
600928-601997,2025-06-04 01:30:00,2025-06-24 01:30:00,short,1876.1344553797103
688158-688316,2025-06-09 01:30:00,2025-06-30 01:30:00,long,2875.3525505868247
688023-688561,2025-06-13 01:30:00,2025-07-01 01:30:00,long,12726.988952489733
688450-688671,2025-07-02 01:30:00,2025-07-03 01:30:00,short,-2683.2663340446343
600054-600138,2025-06-26 01:30:00,2025-07-04 01:30:00,short,2788.2934111160152
601390-601618,2020-07-06 01:30:00,2025-07-07 01:30:00,long,972.9664584280799
600197-600559,2025-05-21 01:30:00,2025-07-07 01:30:00,short,-1711.1002346111336
688067-688681,2025-05-19 01:30:00,2025-07-07 01:30:00,short,1380.0424570334708
600776-900941,2018-12-20 01:30:00,2025-07-07 01:30:00,short,-68579.14789184766
600602-900901,2025-02-26 01:30:00,2025-07-07 01:30:00,short,15830.155092623865
600487-600522,2020-09-10 01:30:00,2025-07-07 01:30:00,long,-33656.17898915018
600604-900902,2020-09-04 01:30:00,2025-07-07 01:30:00,long,16050.51592861599
600022-600307,2025-07-08 01:30:00,2025-07-09 01:30:00,short,-2522.8551357619276
600307-601005,2025-07-03 01:30:00,2025-07-11 01:30:00,long,5057.512185858156
600604-900902,2025-07-11 01:30:00,2025-07-15 01:30:00,short,-18802.074163894547
603396-603628,2025-07-15 01:30:00,2025-07-16 01:30:00,long,2448.9145260912414
600604-900902,2025-07-16 01:30:00,2025-07-17 01:30:00,short,1439.7234732494596
600022-600307,2025-07-10 01:30:00,2025-07-23 01:30:00,short,13691.648111263748
600307-601005,2025-07-22 01:30:00,2025-07-23 01:30:00,long,12769.352660453207
603396-603628,2025-07-17 01:30:00,2025-07-23 01:30:00,long,4691.185903801049
600546-601699,2025-07-23 01:30:00,2025-07-24 01:30:00,long,-4122.921021902634
601390-601618,2025-07-22 01:30:00,2025-07-25 01:30:00,short,1261.9693339608793
600528-601868,2025-07-21 01:30:00,2025-07-25 01:30:00,long,19434.585791879592
600109-601375,2025-07-08 01:30:00,2025-07-28 01:30:00,short,3247.9969805218943
600546-601699,2025-07-25 01:30:00,2025-07-28 01:30:00,long,-1798.1845387795875
600546-601666,2025-07-22 01:30:00,2025-07-28 01:30:00,long,2196.8846040124026
600195-603566,2025-07-17 01:30:00,2025-07-29 01:30:00,short,6501.487187285017
603728-688017,2025-07-21 01:30:00,2025-07-29 01:30:00,short,2180.3518835435502
688352-688589,2025-07-29 01:30:00,2025-07-30 01:30:00,long,-3942.24909486415
688589-688699,2025-07-29 01:30:00,2025-07-30 01:30:00,long,-2437.5979659761792
688396-688711,2025-07-15 01:30:00,2025-07-30 01:30:00,long,-45584.137584317206
600196-600380,2025-07-16 01:30:00,2025-07-30 01:30:00,long,3600.8373211225626
600109-600918,2025-07-11 01:30:00,2025-07-31 01:30:00,short,824.25039148972
600197-600559,2025-07-22 01:30:00,2025-07-31 01:30:00,short,1455.4017140233332
600639-600648,2025-07-25 01:30:00,2025-07-31 01:30:00,short,652.0908450564309
600048-600325,2025-07-28 01:30:00,2025-07-31 01:30:00,short,1427.0708708369275
600038-600372,2025-07-30 01:30:00,2025-08-01 01:30:00,long,1624.0734276387548
600487-600522,2025-07-30 01:30:00,2025-08-01 01:30:00,short,3561.9369702110926
600583-601808,2019-01-09 01:30:00,2025-08-04 01:30:00,short,53028.91655388696
600038-600372,2025-08-04 01:30:00,2025-08-06 01:30:00,short,1936.8552458446752
688558-688697,2025-08-06 01:30:00,2025-08-07 01:30:00,long,-358.67278101981196
601163-601966,2025-07-18 01:30:00,2025-08-07 01:30:00,short,-339.6054187695329
601390-601618,2025-08-08 01:30:00,2025-08-11 01:30:00,long,-2595.0726263832053
600197-600559,2025-08-08 01:30:00,2025-08-11 01:30:00,short,-3518.1593738976217
600235-603385,2025-07-21 01:30:00,2025-08-11 01:30:00,long,1079.593938939891
600339-600871,2025-07-22 01:30:00,2025-08-11 01:30:00,short,-1355.6088483765961
688562-688682,2025-07-22 01:30:00,2025-08-11 01:30:00,long,-4503.564615362345
600703-688478,2025-07-23 01:30:00,2025-08-12 01:30:00,long,-2808.162680460856
601390-601618,2025-08-12 01:30:00,2025-08-13 01:30:00,long,-1358.5842621154611
600859-601888,2025-07-24 01:30:00,2025-08-13 01:30:00,long,2174.067418439792
603728-688017,2025-08-12 01:30:00,2025-08-14 01:30:00,long,2789.8922269275404
601390-601618,2025-08-14 01:30:00,2025-08-15 01:30:00,long,-1006.958638487933
600118-601698,2025-07-28 01:30:00,2025-08-18 01:30:00,short,586.6556406929649
601390-601618,2025-08-18 01:30:00,2025-08-19 01:30:00,long,-4306.667978211975
600703-688478,2025-08-13 01:30:00,2025-08-19 01:30:00,long,-15924.956435304955
688355-688671,2025-08-18 01:30:00,2025-08-19 01:30:00,short,3936.6818638542154
600197-600559,2025-08-12 01:30:00,2025-08-20 01:30:00,short,-3794.3276633351898
688352-688589,2025-07-31 01:30:00,2025-08-20 01:30:00,long,26.104569649411133
603728-688017,2025-08-15 01:30:00,2025-08-20 01:30:00,long,3455.614287333985
688276-688366,2025-08-04 01:30:00,2025-08-21 01:30:00,short,2092.4689238954284
688530-688549,2025-08-04 01:30:00,2025-08-25 01:30:00,short,8529.392500079552
600118-601698,2025-08-25 01:30:00,2025-08-26 01:30:00,short,-10380.0
600305-600597,2025-08-26 01:30:00,2025-08-27 01:30:00,short,-1362.9438387781336
600546-601666,2025-08-07 01:30:00,2025-08-27 01:30:00,short,-919.8540073879549
600639-600648,2025-08-25 01:30:00,2025-08-27 01:30:00,short,897.9944020893045
601163-601966,2025-08-15 01:30:00,2025-08-27 01:30:00,short,2689.814140432301
600118-601698,2025-08-27 01:30:00,2025-08-28 01:30:00,short,-1419.7240138488623
688562-688682,2025-08-12 01:30:00,2025-08-28 01:30:00,long,7194.882115477021
600487-600522,2025-08-08 01:30:00,2025-08-28 01:30:00,short,-6565.306049368559
600639-600648,2025-08-28 01:30:00,2025-08-29 01:30:00,short,2960.224482626808
601228-601326,2022-06-14 01:30:00,2025-09-01 01:30:00,short,42093.17653412567
600339-600871,2025-08-12 01:30:00,2025-09-01 01:30:00,short,10.14720164931714
600396-600726,2016-07-27 01:30:00,2025-09-01 01:30:00,short,-12178.458268276263
600197-600559,2025-08-21 01:30:00,2025-09-02 01:30:00,short,4850.894100694883
600048-600325,2025-09-01 01:30:00,2025-09-02 01:30:00,long,-2214.159150117447
600038-600372,2025-09-01 01:30:00,2025-09-03 01:30:00,long,-1455.5375888249646
688261-688711,2025-09-01 01:30:00,2025-09-03 01:30:00,short,-17278.159639695474
688223-688472,2025-09-01 01:30:00,2025-09-03 01:30:00,long,-2551.515912027159
600048-600325,2025-09-03 01:30:00,2025-09-04 01:30:00,long,-3586.3011305765767
600859-601888,2025-08-26 01:30:00,2025-09-04 01:30:00,long,3257.84515104883
688562-688682,2025-09-01 01:30:00,2025-09-04 01:30:00,short,557.0462337154877
600038-600372,2025-09-04 01:30:00,2025-09-05 01:30:00,long,-1236.833340130594
688223-688472,2025-09-04 01:30:00,2025-09-05 01:30:00,long,-7862.044167234833
600022-601005,2025-08-19 01:30:00,2025-09-08 01:30:00,short,-486.12987515364466
601858-603000,2025-09-02 01:30:00,2025-09-08 01:30:00,short,-2711.736832637504
688032-688348,2025-09-08 01:30:00,2025-09-09 01:30:00,long,-1816.0816673797717
600038-600372,2025-09-08 01:30:00,2025-09-09 01:30:00,long,-1002.8680045892432
601168-603993,2025-09-02 01:30:00,2025-09-09 01:30:00,long,9431.951766351445
688223-688472,2025-09-08 01:30:00,2025-09-09 01:30:00,long,-4087.2326181352364
603728-688017,2025-09-01 01:30:00,2025-09-10 01:30:00,long,1603.352718730046
600776-900941,2025-08-22 01:30:00,2025-09-11 01:30:00,short,1359.8905269958304
600305-600597,2025-08-28 01:30:00,2025-09-16 01:30:00,short,2154.7644881972565
688329-688681,2025-09-15 01:30:00,2025-09-17 01:30:00,short,7637.577237327939
688558-688697,2025-08-29 01:30:00,2025-09-18 01:30:00,short,-1474.1683096745865
601228-601326,2025-09-02 01:30:00,2025-09-22 01:30:00,long,182.9115780420076
600489-600547,2025-09-01 01:30:00,2025-09-22 01:30:00,short,-7001.392555428579
600396-600726,2025-09-16 01:30:00,2025-09-22 01:30:00,long,598.5528354554244
688060-688509,2025-09-01 01:30:00,2025-09-22 01:30:00,short,-4683.065215476636
600035-600269,2025-09-01 01:30:00,2025-09-22 01:30:00,long,498.38068152236747
688355-688671,2025-09-02 01:30:00,2025-09-22 01:30:00,short,-2706.034695105015
688419-688689,2025-09-19 01:30:00,2025-09-23 01:30:00,long,6557.355770483484
688261-688711,2025-09-04 01:30:00,2025-09-24 01:30:00,short,13953.03737597962
600048-600325,2025-09-05 01:30:00,2025-09-25 01:30:00,long,-3841.4566569184235
600639-600648,2025-09-16 01:30:00,2025-09-25 01:30:00,short,-3779.463269076171
603728-688017,2025-09-24 01:30:00,2025-09-25 01:30:00,short,-4850.27692847787
688352-688589,2025-09-16 01:30:00,2025-09-26 01:30:00,long,6959.93591192995
600908-603323,2020-07-13 01:30:00,2025-09-29 01:30:00,short,18926.560609089727
601186-601800,2025-03-31 01:30:00,2025-09-29 01:30:00,long,4724.195582628496
601318-601601,2022-11-01 01:30:00,2025-09-29 01:30:00,long,-21048.375263903552
600030-600999,2025-05-07 01:30:00,2025-09-29 01:30:00,short,-13642.139673622369
688067-688681,2025-07-17 01:30:00,2025-09-29 01:30:00,short,4195.701000234738
600798-601022,2025-09-08 01:30:00,2025-09-29 01:30:00,long,-2056.904646402673
600438-601012,2023-10-23 01:30:00,2025-09-29 01:30:00,long,7323.535750184386
601858-603000,2025-09-09 01:30:00,2025-09-29 01:30:00,short,5826.25446931661
600602-900901,2025-08-18 01:30:00,2025-09-29 01:30:00,long,-6168.1812789223895
688352-688391,2025-09-29 01:30:00,2025-09-30 01:30:00,short,2591.2647323712144
600339-600871,2025-09-29 01:30:00,2025-10-09 01:30:00,long,2982.9350434833377
600859-601888,2025-09-18 01:30:00,2025-10-09 01:30:00,long,-1882.919676745314
601168-603993,2025-09-29 01:30:00,2025-10-09 01:30:00,short,4330.651200173064
600438-601012,2025-09-30 01:30:00,2025-10-09 01:30:00,long,-3429.495125664614
688530-688549,2025-09-18 01:30:00,2025-10-09 01:30:00,long,-4694.470914279771
601186-601390,2025-10-09 01:30:00,2025-10-10 01:30:00,long,-983.1508791693586
688595-688609,2025-09-30 01:30:00,2025-10-10 01:30:00,short,4426.476694686257
603728-688017,2025-09-26 01:30:00,2025-10-14 01:30:00,short,3143.092751978109
600874-601065,2025-10-13 01:30:00,2025-10-15 01:30:00,short,-1982.7872725732777
601228-601326,2025-09-25 01:30:00,2025-10-15 01:30:00,long,-316.40231063868987
600639-600648,2025-09-26 01:30:00,2025-10-16 01:30:00,short,1339.0409884367857
688562-688682,2025-09-30 01:30:00,2025-10-16 01:30:00,short,9341.70849056508
600030-600999,2025-09-30 01:30:00,2025-10-20 01:30:00,short,1217.8999944633924
600546-601666,2025-10-16 01:30:00,2025-10-20 01:30:00,short,6519.350377928754
600639-600663,2025-09-29 01:30:00,2025-10-20 01:30:00,short,-2977.6576580682395
600460-603290,2025-10-17 01:30:00,2025-10-20 01:30:00,long,5469.8150218617775
600339-600871,2025-10-21 01:30:00,2025-10-22 01:30:00,long,-9307.612930549361
605366-605399,2025-10-20 01:30:00,2025-10-22 01:30:00,long,77.35155398072675
600874-601065,2025-10-16 01:30:00,2025-10-23 01:30:00,short,-2489.215094006592
601186-601390,2025-10-13 01:30:00,2025-10-24 01:30:00,long,1464.9248729025055
600918-601108,2025-10-21 01:30:00,2025-10-24 01:30:00,long,1025.3218508182701
601108-601878,2025-10-10 01:30:00,2025-10-24 01:30:00,short,1031.3294092962822
688012-688072,2025-10-23 01:30:00,2025-10-24 01:30:00,long,-5633.353948528595
601228-601326,2025-10-23 01:30:00,2025-10-28 01:30:00,long,-3127.153106423889
688012-688072,2025-10-27 01:30:00,2025-10-28 01:30:00,long,-2871.652934705812
600598-601952,2025-10-17 01:30:00,2025-10-28 01:30:00,short,2184.7735829961216
600908-603323,2025-10-17 01:30:00,2025-10-29 01:30:00,short,-118.10528845607428
688352-688391,2025-10-09 01:30:00,2025-10-29 01:30:00,short,3822.6094136268603
688315-688358,2025-10-09 01:30:00,2025-10-29 01:30:00,long,-10559.342196270194
688355-688671,2025-10-24 01:30:00,2025-10-29 01:30:00,short,4578.712078992045
601186-601800,2025-10-10 01:30:00,2025-10-30 01:30:00,short,-612.140437108767
688067-688681,2025-10-10 01:30:00,2025-10-30 01:30:00,long,3175.2553018793005
600022-601005,2025-10-10 01:30:00,2025-10-30 01:30:00,short,-2330.6038636006588
600195-603566,2025-10-28 01:30:00,2025-10-30 01:30:00,short,-1208.7359158884242
600022-600307,2025-10-10 01:30:00,2025-10-30 01:30:00,short,-2078.640148570977
601168-603993,2025-10-10 01:30:00,2025-10-30 01:30:00,short,1364.1011775656075
600438-601012,2025-10-10 01:30:00,2025-10-30 01:30:00,long,-3560.288431939791
688530-688549,2025-10-10 01:30:00,2025-10-30 01:30:00,long,-8540.13059483677
600030-600999,2025-10-24 01:30:00,2025-11-03 01:30:00,short,3670.7266376879916
600874-601200,2025-10-13 01:30:00,2025-11-03 01:30:00,short,-581.7039009659948
600085-600332,2025-10-29 01:30:00,2025-11-03 01:30:00,long,-2928.7869531433253
600307-601005,2025-07-24 01:30:00,2025-11-04 01:30:00,short,3127.670389793121
600798-601022,2025-10-23 01:30:00,2025-11-11 01:30:00,long,3642.4430862964637
688391-688589,2025-11-12 01:30:00,2025-11-21 01:30:00,short,2188.5817787987708
600307-601005,2025-11-27 01:30:00,2025-12-01 01:30:00,short,4098.538621867743
600528-688425,2025-11-12 01:30:00,2025-12-02 01:30:00,short,936.2071948765742
600717-601228,2021-03-18 01:30:00,2025-12-02 01:30:00,short,-19158.659107797597
601318-601336,2025-11-14 01:30:00,2025-12-04 01:30:00,short,-2956.788209429858
600030-601066,2025-12-03 01:30:00,2025-12-08 01:30:00,long,3235.81440731183
600874-601200,2025-12-11 01:30:00,2025-12-15 01:30:00,long,2435.7934127637463
600717-601228,2025-12-08 01:30:00,2025-12-18 01:30:00,long,1223.7869601357695
600874-601200,2025-12-16 01:30:00,2025-12-22 01:30:00,short,3803.6706505694137
601318-601336,2025-12-05 01:30:00,2025-12-25 01:30:00,short,-6319.7260405427805
600528-688425,2025-12-11 01:30:00,2025-12-29 01:30:00,long,1615.6375521021728
688092-688681,2025-12-12 01:30:00,2025-12-29 01:30:00,long,1774.9414757776376
600029-600115,2024-11-27 01:30:00,2025-12-30 01:30:00,short,24596.856468596954
601233-603225,2025-04-07 01:30:00,2025-12-30 01:30:00,long,-25982.930975046795
600487-600522,2025-08-29 01:30:00,2025-12-30 01:30:00,short,-8483.53138799694
600029-600115,2026-01-05 01:30:00,2026-01-13 01:30:00,short,3002.2895946063027
601868-688425,2026-01-16 01:30:00,2026-01-20 01:30:00,short,-2759.087284382239
601233-603225,2026-01-06 01:30:00,2026-01-22 01:30:00,short,-6784.849963580911
601186-601390,2026-01-07 01:30:00,2026-01-26 01:30:00,long,-8547.648614615093
688092-688681,2026-01-05 01:30:00,2026-01-26 01:30:00,short,-955.4938875926873
601186-601390,2026-01-27 01:30:00,2026-01-28 01:30:00,long,-5209.566265530509
600313-600354,2026-01-26 01:30:00,2026-01-28 01:30:00,short,-4726.5312674021925
601233-603225,2026-01-23 01:30:00,2026-01-28 01:30:00,short,-8089.126090829446
600030-601066,2025-12-11 01:30:00,2026-01-29 01:30:00,long,7470.797675316549
600859-601888,2025-10-16 01:30:00,2026-01-29 01:30:00,long,-27462.25509423135
600508-600740,2026-01-29 01:30:00,2026-01-30 01:30:00,long,2324.6015097942127
601868-688425,2026-01-21 01:30:00,2026-02-02 01:30:00,short,-21.080072127068888
600015-601169,2026-01-22 01:30:00,2026-02-03 01:30:00,long,1259.1866657911405
601001-601101,2026-01-29 01:30:00,2026-02-03 01:30:00,long,-461.1177799744819
600487-600522,2026-01-21 01:30:00,2026-02-10 01:30:00,short,-22018.177858902392
600026-601872,2026-01-29 01:30:00,2026-02-24 01:30:00,short,2558.849513488083
600508-600740,2026-02-02 01:30:00,2026-02-24 01:30:00,long,-1134.2700675978722
600030-601066,2026-01-30 01:30:00,2026-02-24 01:30:00,short,-716.0596649125042
600859-601888,2026-01-30 01:30:00,2026-02-24 01:30:00,long,-381.2857497044961
600029-600115,2026-03-02 01:30:00,2026-03-03 01:30:00,long,-1180.5098217526502
600015-601169,2026-02-13 01:30:00,2026-03-05 01:30:00,short,-2199.310505598149
601868-688425,2026-02-27 01:30:00,2026-03-05 01:30:00,short,-7059.849828065951
603000-603888,2025-02-21 01:30:00,2026-03-06 01:30:00,long,-19152.118041711492
600917-603689,2019-04-18 01:30:00,2026-03-06 01:30:00,short,48511.165038187784
688391-688589,2025-12-12 01:30:00,2026-03-06 01:30:00,long,6519.6057802780815
600597-603866,2025-10-31 01:30:00,2026-03-06 01:30:00,long,-1534.464167844687
601001-601101,2026-03-02 01:30:00,2026-03-10 01:30:00,long,2572.992541931568
600371-600598,2026-03-13 01:30:00,2026-03-16 01:30:00,long,2612.1141828990712
600528-688425,2026-03-11 01:30:00,2026-03-18 01:30:00,short,1161.001595150663
601001-601101,2026-03-11 01:30:00,2026-03-20 01:30:00,long,4910.689020870403
600371-600598,2026-03-18 01:30:00,2026-03-20 01:30:00,long,-3298.322767089105
600029-600115,2026-03-04 01:30:00,2026-03-24 01:30:00,long,4080.8700086753743
600583-601808,2026-03-09 01:30:00,2026-03-26 01:30:00,long,2166.7861520061106
600798-601022,2026-03-10 01:30:00,2026-03-30 01:30:00,short,-2574.643578960514
601878-601990,2026-03-30 01:30:00,2026-03-31 01:30:00,long,-928.9868028258226
600528-688425,2026-03-23 01:30:00,2026-03-31 01:30:00,long,9306.967870726303
601878-601990,2026-04-01 01:30:00,2026-04-02 01:30:00,long,-1588.119048318128
600123-600508,2021-05-13 01:30:00,2026-04-03 01:30:00,short,-4810.155381957338
600528-688425,2026-04-02 01:30:00,2026-04-03 01:30:00,short,4452.402463034568
600305-600597,2025-10-31 01:30:00,2026-04-03 01:30:00,short,-3755.1384467452735
600017-600717,2024-10-31 01:30:00,2026-04-03 01:30:00,short,-4240.279565966966
601878-601990,2026-04-03 01:30:00,2026-04-07 01:30:00,long,-1332.5851871031216
600917-603689,2026-03-24 01:30:00,2026-04-13 01:30:00,long,93.05285164575344
600438-688303,2026-04-03 01:30:00,2026-04-13 01:30:00,long,1366.5750167072492
600371-600598,2026-03-23 01:30:00,2026-04-13 01:30:00,long,4670.862043772336
600546-601001,2026-04-03 01:30:00,2026-04-17 01:30:00,long,1782.596802093714
600197-600559,2026-04-03 01:30:00,2026-04-23 01:30:00,short,4886.769352619469
601878-601901,2026-04-03 01:30:00,2026-04-23 01:30:00,long,-836.8649707518064
688512-688653,2026-04-13 01:30:00,2026-04-24 01:30:00,short,5971.117969928726
600487-600522,2026-04-17 01:30:00,2026-04-27 01:30:00,short,-1495.9766949675068
688207-688327,2026-04-23 01:30:00,2026-04-27 01:30:00,long,3067.524826359138
601878-601990,2026-04-08 01:30:00,2026-04-28 01:30:00,long,3010.26600030547
601878-601901,2026-04-24 01:30:00,2026-04-28 01:30:00,long,2273.7210818204003
600026-601872,2026-02-25 01:30:00,2026-05-07 01:30:00,short,11963.680978028613
600908-603323,2025-11-03 01:30:00,2026-05-07 01:30:00,short,283.29513515094004
600487-600522,2026-05-08 01:30:00,2026-05-11 01:30:00,long,-10567.860382951261
600197-600559,2026-04-30 01:30:00,2026-05-20 01:30:00,short,-3511.6014457647334
600197-600559,2026-05-21 01:30:00,2026-05-25 01:30:00,short,-3876.59386041977
600197-600559,2026-05-26 01:30:00,2026-05-27 01:30:00,short,-532.800506379247
688391-688589,2026-05-08 01:30:00,2026-05-28 01:30:00,short,-4949.225506321381
600487-600522,2026-05-12 01:30:00,2026-06-01 01:30:00,long,10872.272489682162
600559-603589,2025-11-21 01:30:00,2026-06-04 01:30:00,short,-9557.631077823698
600438-688303,2026-06-01 01:30:00,2026-06-04 01:30:00,long,-19669.586139105595
600197-600559,2026-05-28 01:30:00,2026-06-04 01:30:00,short,9546.172769782741
600438-688303,2026-06-05 01:30:00,2026-06-08 01:30:00,long,-7903.3777709613805
600798-601008,2026-06-10 01:30:00,2026-06-15 01:30:00,long,1413.6608368681354
600505-600644,2026-06-08 01:30:00,2026-06-18 01:30:00,short,-2989.0985837607004
600438-688303,2026-06-09 01:30:00,2026-06-29 01:30:00,long,6529.3073388378525
600528-688425,2026-06-08 01:30:00,2026-06-29 01:30:00,long,135.54698539429046
600101-600644,2024-05-09 01:30:00,2026-07-03 01:30:00,short,13362.543412865001
601225-601898,2016-06-21 01:30:00,2026-07-03 01:30:00,short,-455175.5345580288
600197-600559,2026-06-17 01:30:00,2026-07-07 01:30:00,long,3136.175670418004
600528-688425,2026-06-30 01:30:00,2026-07-15 01:30:00,long,2868.9301763006292
600798-601008,2026-06-26 01:30:00,2026-07-16 01:30:00,long,-8866.422012359435
601225-601898,2026-07-08 01:30:00,2026-07-28 01:30:00,short,1306.1326322581995
600369-601375,2019-07-11 01:30:00,2026-07-31 01:30:00,long,21752.21797378472
600908-601528,2026-06-18 01:30:00,2026-07-31 01:30:00,long,-579.4677983019865
600487-600522,2026-06-25 01:30:00,2026-07-31 01:30:00,long,-3711.6356243296614
600883-605567,2026-07-21 01:30:00,2026-08-04 01:30:00,long,2342.2723684068405
600798-601008,2026-07-20 01:30:00,2026-08-06 01:30:00,long,6744.756611081546
